Date,RegionName,AreaCode,AveragePrice,1m%Change,12m%Change,SalesVolume,DetachedPrice,SemiDetachedPrice,TerracedPrice,FlatPrice,CashPrice,MortgagePrice,FTBPrice,FOOPrice,NewPrice,OldPrice
2021-01-01,East Midlands,E12000004,202133,0.2,7.6,6122.0,300230.0,189720.0,154224.0,115041.0,202801.0,201864.0,172162.0,238574.0,275375.0,198780.0
2021-02-01,East Midlands,E12000004,204514,1.2,9.8,8032.0,302734.0,191544.0,156952.0,117501.0,204977.0,204315.0,174681.0,240782.0,281056.0,200898.0
2021-03-01,East Midlands,E12000004,205588,0.5,9.1,10789.0,304035.0,192183.0,158115.0,119047.0,206218.0,205332.0,175583.0,242065.0,284913.0,201737.0
2021-04-01,East Midlands,E12000004,202601,-1.5,7.8,7545.0,301078.0,189541.0,155155.0,115345.0,202839.0,202478.0,173075.0,238495.0,285296.0,198400.0
2021-05-01,East Midlands,E12000004,203546,0.5,8.6,6663.0,302176.0,190474.0,155989.0,116100.0,204141.0,203301.0,173741.0,239780.0,280861.0,199844.0
2021-06-01,East Midlands,E12000004,215392,5.8,12.7,12713.0,317154.0,200884.0,167580.0,123862.0,216854.0,214852.0,184208.0,253301.0,286648.0,212454.0
2021-07-01,East Midlands,E12000004,202813,-5.8,5.1,5821.0,301169.0,190645.0,154509.0,115327.0,202996.0,202709.0,173335.0,238649.0,288719.0,198332.0
2021-08-01,East Midlands,E12000004,209343,3.2,8.2,7257.0,311932.0,196583.0,159548.0,117060.0,209946.0,209094.0,178235.0,247168.0,281687.0,206197.0
2021-09-01,East Midlands,E12000004,217444,3.9,12.0,11848.0,320838.0,203772.0,168010.0,123589.0,218506.0,217039.0,185925.0,255760.0,290716.0,214352.0
2021-10-01,East Midlands,E12000004,212790,-2.1,8.1,5187.0,321571.0,198663.0,160207.0,118461.0,213751.0,212419.0,180264.0,252359.0,286363.0,209588.0
2021-11-01,East Midlands,E12000004,216112,1.6,8.4,6341.0,324088.0,202451.0,163834.0,120335.0,216985.0,215771.0,183554.0,255709.0,294658.0,212505.0
2021-12-01,East Midlands,E12000004,218318,1.0,8.2,7198.0,327035.0,203704.0,166728.0,121522.0,219656.0,217820.0,185504.0,258225.0,288866.0,215500.0
2022-01-01,East Midlands,E12000004,219956,0.8,8.8,5288.0,329007.0,206414.0,167324.0,121510.0,221121.0,219516.0,186876.0,260187.0,293617.0,216872.0
2022-02-01,East Midlands,E12000004,221012,0.5,8.1,6316.0,329341.0,207570.0,168483.0,123953.0,221721.0,220743.0,188497.0,260779.0,304726.0,217523.0
2022-03-01,East Midlands,E12000004,222760,0.8,8.4,6979.0,333375.0,209031.0,169379.0,122861.0,223091.0,222635.0,189516.0,263270.0,306712.0,219261.0
2022-04-01,East Midlands,E12000004,224769,0.9,10.9,6550.0,335661.0,210506.0,171961.0,124125.0,225449.0,224512.0,191370.0,265512.0,305117.0,221412.0
2022-05-01,East Midlands,E12000004,226878,0.9,11.5,6531.0,337794.0,213205.0,173504.0,125698.0,227769.0,226540.0,193227.0,267947.0,304263.0,223639.0
2022-06-01,East Midlands,E12000004,231038,1.8,7.3,6922.0,343135.0,216982.0,177514.0,128262.0,231403.0,230900.0,197139.0,272526.0,309289.0,227763.0
2022-07-01,East Midlands,E12000004,233487,1.1,15.1,7077.0,346932.0,220006.0,178961.0,127756.0,233817.0,233362.0,199011.0,275611.0,314310.0,230106.0
2022-08-01,East Midlands,E12000004,237151,1.6,13.3,7176.0,352481.0,222854.0,182382.0,129753.0,237477.0,237028.0,201957.0,280098.0,316208.0,233841.0
2022-09-01,East Midlands,E12000004,236940,-0.1,9.0,7281.0,353313.0,222382.0,181726.0,128978.0,237523.0,236719.0,201592.0,280017.0,315367.0,233655.0
2022-10-01,East Midlands,E12000004,237264,0.1,11.5,6871.0,353500.0,222864.0,181873.0,129679.0,237604.0,237135.0,202106.0,280184.0,316691.0,233939.0
2022-11-01,East Midlands,E12000004,237753,0.2,10.0,7058.0,354936.0,222992.0,182178.0,129383.0,238449.0,237489.0,202376.0,280893.0,323530.0,234170.0
2022-12-01,East Midlands,E12000004,237956,0.1,9.0,6926.0,353540.0,223596.0,182852.0,131167.0,238500.0,237750.0,203006.0,280719.0,316350.0,234672.0
2023-01-01,East Midlands,E12000004,235315,-1.1,7.0,4422.0,351760.0,221673.0,178948.0,127524.0,235550.0,235226.0,200102.0,278195.0,329106.0,231418.0
2023-02-01,East Midlands,E12000004,232456,-1.2,5.2,4557.0,347805.0,218090.0,177041.0,127180.0,232415.0,232471.0,197851.0,274555.0,326792.0,228547.0
2023-03-01,East Midlands,E12000004,229868,-1.1,3.2,5422.0,344276.0,216531.0,173918.0,125784.0,230024.0,229808.0,195610.0,271553.0,329281.0,225791.0
2023-04-01,East Midlands,E12000004,230965,0.5,2.8,3781.0,345791.0,217230.0,175268.0,126165.0,230997.0,230953.0,196482.0,272937.0,329779.0,226906.0
2023-05-01,East Midlands,E12000004,229615,-0.6,1.2,4337.0,341652.0,216090.0,175247.0,126104.0,229457.0,229676.0,195591.0,270975.0,324014.0,225712.0
2023-06-01,East Midlands,E12000004,232790,1.4,0.8,5402.0,345659.0,218454.0,178753.0,128005.0,232919.0,232740.0,198440.0,274513.0,318179.0,229196.0
2023-07-01,East Midlands,E12000004,233810,0.4,0.1,4752.0,348093.0,220683.0,178355.0,126532.0,233743.0,233835.0,198890.0,276317.0,331776.0,229771.0
2023-08-01,East Midlands,E12000004,235914,0.9,-0.5,5466.0,351338.0,221928.0,180762.0,127444.0,236237.0,235792.0,200716.0,278752.0,329941.0,232007.0
2023-09-01,East Midlands,E12000004,233437,-1.1,-1.5,5092.0,347229.0,219400.0,179122.0,126701.0,233797.0,233300.0,198804.0,275545.0,323979.0,229659.0
2023-10-01,East Midlands,E12000004,232325,-0.5,-2.1,5190.0,344544.0,219110.0,177899.0,126753.0,232083.0,232417.0,198048.0,273958.0,331502.0,228249.0
2023-11-01,East Midlands,E12000004,233029,0.3,-2.0,5017.0,348086.0,219741.0,177160.0,126242.0,233304.0,232924.0,198202.0,275428.0,335446.0,228840.0
2023-12-01,East Midlands,E12000004,229757,-1.4,-3.4,4986.0,341396.0,216480.0,175750.0,125260.0,230232.0,229577.0,196003.0,270725.0,319134.0,226029.0
2024-01-01,East Midlands,E12000004,227053,-1.2,-3.5,3666.0,337538.0,213970.0,173655.0,123476.0,226772.0,227160.0,193396.0,267969.0,325254.0,223027.0
2024-02-01,East Midlands,E12000004,227623,0.3,-2.1,4455.0,336119.0,215577.0,174570.0,123616.0,226893.0,227930.0,194445.0,267881.0,328108.0,223471.0
2024-03-01,East Midlands,E12000004,227703,0.0,-0.9,4929.0,338094.0,214326.0,173994.0,125677.0,227847.0,227622.0,194050.0,268600.0,326314.0,223657.0
2024-04-01,East Midlands,E12000004,227940,0.1,-1.3,4550.0,336102.0,215275.0,175165.0,125478.0,227445.0,228142.0,194630.0,268370.0,324282.0,224026.0
2024-05-01,East Midlands,E12000004,230613,1.2,0.4,5574.0,338915.0,217987.0,177761.0,127100.0,229968.0,230882.0,197283.0,271019.0,326680.0,226734.0
2024-06-01,East Midlands,E12000004,228627,-0.9,-1.8,5535.0,336578.0,215406.0,176672.0,125853.0,228306.0,228752.0,195449.0,268865.0,316149.0,225232.0
2024-07-01,East Midlands,E12000004,233319,2.1,-0.2,5958.0,342572.0,220412.0,180974.0,126747.0,232444.0,233689.0,199597.0,274198.0,330237.0,229410.0
2024-08-01,East Midlands,E12000004,234304,0.4,-0.7,6592.0,345271.0,220902.0,181417.0,127071.0,233956.0,234440.0,200288.0,275559.0,327739.0,230605.0
2024-09-01,East Midlands,E12000004,234886,0.2,0.6,5823.0,348137.0,221650.0,180581.0,126432.0,234771.0,234919.0,200331.0,276857.0,329746.0,231108.0
2024-10-01,East Midlands,E12000004,236104,0.5,1.6,6566.0,349626.0,222278.0,181917.0,128126.0,236078.0,236098.0,201548.0,278053.0,335474.0,232074.0
2024-11-01,East Midlands,E12000004,235874,-0.1,1.2,6833.0,349117.0,223342.0,181086.0,126330.0,235866.0,235859.0,201435.0,277668.0,332790.0,231984.0
2024-12-01,East Midlands,E12000004,237904,0.9,3.5,6317.0,354316.0,224044.0,182573.0,127142.0,237979.0,237853.0,202990.0,280300.0,339046.0,233785.0
2025-01-01,East Midlands,E12000004,236516,-0.6,4.2,4988.0,351439.0,223655.0,181417.0,125493.0,236008.0,236723.0,201769.0,278713.0,347187.0,231850.0
2025-02-01,East Midlands,E12000004,236450,0.0,3.9,5850.0,349619.0,223472.0,182449.0,126778.0,235897.0,236675.0,202117.0,278030.0,342985.0,232125.0
2025-03-01,East Midlands,E12000004,240072,1.5,5.4,10754.0,350672.0,227269.0,186985.0,132503.0,239092.0,240462.0,206139.0,280910.0,347064.0,235779.0
2025-04-01,East Midlands,E12000004,228979,-4.6,0.5,3182.0,341353.0,217241.0,174320.0,120253.0,226781.0,229844.0,194986.0,270362.0,341664.0,224011.0
2025-05-01,East Midlands,E12000004,233359,1.9,1.2,5307.0,345824.0,220964.0,179345.0,123976.0,231736.0,233999.0,199019.0,275078.0,341636.0,228831.0
2025-06-01,East Midlands,E12000004,235087,0.7,2.8,6238.0,347384.0,222756.0,181123.0,125403.0,233828.0,235586.0,200689.0,276820.0,338222.0,231020.0
2025-07-01,East Midlands,E12000004,237956,1.2,2.0,6094.0,351496.0,225371.0,183828.0,126278.0,236383.0,238577.0,203094.0,280265.0,348497.0,233328.0
2025-08-01,East Midlands,E12000004,241515,1.5,3.1,6299.0,357320.0,229108.0,186097.0,127033.0,240700.0,241842.0,205938.0,284749.0,351499.0,237001.0
2025-09-01,East Midlands,E12000004,240490,-0.4,2.4,5460.0,355963.0,227772.0,185883.0,125847.0,239461.0,240900.0,205100.0,283486.0,347532.0,236201.0
2025-10-01,East Midlands,E12000004,243403,1.2,3.1,6189.0,360813.0,231449.0,186853.0,126603.0,242071.0,243930.0,207621.0,286864.0,364652.0,238004.0
2025-11-01,East Midlands,E12000004,242973,-0.2,3.0,5078.0,360318.0,230362.0,187312.0,126208.0,241919.0,243392.0,207124.0,286553.0,359237.0,237970.0
2025-12-01,East Midlands,E12000004,243094,0.0,2.2,4934.0,359804.0,230496.0,187598.0,127179.0,242258.0,243429.0,207513.0,286267.0,354003.0,238533.0
2026-01-01,East Midlands,E12000004,240673,-1.0,1.8,3617.0,354709.0,229235.0,186139.0,124901.0,239079.0,241302.0,205577.0,283219.0,354432.0,235831.0
2026-02-01,East Midlands,E12000004,240491,-0.1,1.7,3686.0,356101.0,228785.0,184927.0,124626.0,239406.0,240927.0,205222.0,283178.0,357563.0,235417.0
2026-03-01,East Midlands,E12000004,242054,0.6,0.8,3787.0,357928.0,230836.0,186396.0,123997.0,240443.0,242690.0,206694.0,284898.0,369190.0,236312.0
2026-04-01,East Midlands,E12000004,241682,-0.2,5.5,,356948.0,230603.0,186053.0,124557.0,239951.0,242364.0,206629.0,284244.0,,
2026-05-01,East Midlands,E12000004,240758,-0.4,3.2,,355867.0,229824.0,185096.0,123717.0,239334.0,241323.0,205358.0,283571.0,,
2021-01-01,East of England,E12000006,298036,-0.9,4.3,9078.0,458136.0,303430.0,250472.0,185704.0,292159.0,300140.0,246313.0,359061.0,353566.0,295173.0
2021-02-01,East of England,E12000006,299321,0.4,4.7,11650.0,459339.0,303860.0,252262.0,187322.0,294076.0,301207.0,247984.0,359827.0,358063.0,296123.0
2021-03-01,East of England,E12000006,301495,0.7,5.8,16866.0,462140.0,305454.0,254549.0,189307.0,295877.0,303511.0,249796.0,362427.0,365189.0,297787.0
2021-04-01,East of England,E12000006,298764,-0.9,3.9,10416.0,459667.0,302714.0,251508.0,187000.0,292830.0,300888.0,247626.0,359024.0,366443.0,294605.0
2021-05-01,East of England,E12000006,299192,0.1,4.2,8704.0,459958.0,303670.0,252062.0,186701.0,293199.0,301336.0,247784.0,359790.0,360014.0,295767.0
2021-06-01,East of England,E12000006,312775,4.5,8.4,21732.0,477319.0,315795.0,267119.0,195600.0,308297.0,314401.0,259531.0,375488.0,362884.0,310676.0
2021-07-01,East of England,E12000006,299492,-4.2,3.6,5417.0,460101.0,305511.0,250796.0,187331.0,292354.0,302035.0,248403.0,359678.0,373287.0,294703.0
2021-08-01,East of England,E12000006,309904,3.5,5.8,8258.0,480200.0,316575.0,259783.0,189342.0,302941.0,312388.0,255507.0,374152.0,364292.0,307296.0
2021-09-01,East of England,E12000006,316815,2.2,6.7,15648.0,486741.0,321955.0,268269.0,195702.0,311757.0,318641.0,262277.0,381115.0,370624.0,314348.0
2021-10-01,East of England,E12000006,312253,-1.4,5.6,6112.0,490953.0,317596.0,259540.0,189198.0,306792.0,314216.0,256511.0,378196.0,366238.0,309715.0
2021-11-01,East of England,E12000006,319183,2.2,7.5,7956.0,499579.0,325918.0,265890.0,193058.0,313732.0,321145.0,262259.0,386519.0,379454.0,316030.0
2021-12-01,East of England,E12000006,319855,0.2,6.4,9220.0,498519.0,324942.0,269217.0,193635.0,315606.0,321403.0,263403.0,386563.0,368202.0,318033.0
2022-01-01,East of England,E12000006,322537,0.8,8.2,6957.0,504856.0,329948.0,269625.0,193141.0,317427.0,324382.0,265012.0,390583.0,378005.0,319948.0
2022-02-01,East of England,E12000006,326141,1.1,9.0,7972.0,507223.0,333185.0,272822.0,199127.0,320270.0,328270.0,269250.0,393692.0,393468.0,323085.0
2022-03-01,East of England,E12000006,325283,-0.3,7.9,9080.0,507718.0,332608.0,272303.0,195917.0,319456.0,327395.0,267892.0,393293.0,389926.0,322331.0
2022-04-01,East of England,E12000006,328825,1.1,10.1,8236.0,511064.0,335492.0,277332.0,198216.0,322998.0,330937.0,271294.0,397100.0,387192.0,326114.0
2022-05-01,East of England,E12000006,332450,1.1,11.1,8214.0,516610.0,340254.0,280089.0,199482.0,326649.0,334551.0,274133.0,401626.0,389021.0,329805.0
2022-06-01,East of England,E12000006,335070,0.8,7.1,8807.0,519578.0,342029.0,282976.0,202445.0,328773.0,337356.0,276667.0,404424.0,391952.0,332410.0
2022-07-01,East of England,E12000006,340723,1.7,13.8,9239.0,529857.0,349441.0,287821.0,201896.0,335070.0,342768.0,280538.0,412032.0,401132.0,337917.0
2022-08-01,East of England,E12000006,344145,1.0,11.0,9804.0,535078.0,352381.0,291333.0,203866.0,337652.0,346503.0,283203.0,416320.0,401845.0,341442.0
2022-09-01,East of England,E12000006,344762,0.2,8.8,9817.0,537123.0,352772.0,291444.0,204040.0,338963.0,346860.0,283727.0,417050.0,400533.0,342135.0
2022-10-01,East of England,E12000006,344144,-0.2,10.2,9129.0,536181.0,352091.0,290476.0,204392.0,337976.0,346380.0,283448.0,416075.0,400515.0,341494.0
2022-11-01,East of England,E12000006,345454,0.4,8.2,9465.0,539330.0,353585.0,291289.0,204249.0,339515.0,347605.0,284448.0,417739.0,410792.0,342449.0
2022-12-01,East of England,E12000006,342442,-0.9,7.1,8945.0,532789.0,350240.0,289294.0,203922.0,336537.0,344580.0,282551.0,413521.0,398758.0,339796.0
2023-01-01,East of England,E12000006,340655,-0.5,5.6,6064.0,532529.0,350196.0,285976.0,200539.0,334168.0,343011.0,280203.0,412225.0,416390.0,337256.0
2023-02-01,East of England,E12000006,340888,0.1,4.5,5773.0,534089.0,348521.0,286106.0,201791.0,333795.0,343468.0,280589.0,412228.0,423566.0,337210.0
2023-03-01,East of England,E12000006,335589,-1.6,3.2,6562.0,527028.0,344421.0,279306.0,199277.0,328977.0,337992.0,275810.0,406419.0,421487.0,331790.0
2023-04-01,East of England,E12000006,331572,-1.2,0.8,4895.0,520195.0,341033.0,276772.0,195612.0,324637.0,334094.0,272591.0,401436.0,417726.0,327768.0
2023-05-01,East of England,E12000006,330394,-0.4,-0.6,5147.0,515740.0,338179.0,277118.0,196654.0,324735.0,332447.0,271980.0,399496.0,411834.0,326777.0
2023-06-01,East of England,E12000006,332033,0.5,-0.9,6491.0,518650.0,339482.0,279916.0,196144.0,326218.0,334143.0,273024.0,401916.0,401281.0,328906.0
2023-07-01,East of England,E12000006,336474,1.3,-1.2,5971.0,527281.0,346424.0,282403.0,196831.0,330235.0,338740.0,276092.0,408132.0,419422.0,332791.0
2023-08-01,East of England,E12000006,335770,-0.2,-2.4,6691.0,524354.0,344463.0,284167.0,196116.0,329108.0,338191.0,276136.0,406383.0,410676.0,332409.0
2023-09-01,East of England,E12000006,334941,-0.2,-2.8,6596.0,522118.0,343273.0,282900.0,197186.0,328613.0,337239.0,275572.0,405211.0,406732.0,331707.0
2023-10-01,East of England,E12000006,331860,-0.9,-3.6,6387.0,516899.0,340844.0,279186.0,196205.0,325880.0,334031.0,273181.0,401278.0,415578.0,328152.0
2023-11-01,East of England,E12000006,329462,-0.7,-4.6,6419.0,514800.0,338440.0,276165.0,194806.0,322926.0,331838.0,271026.0,398637.0,413119.0,325759.0
2023-12-01,East of England,E12000006,326075,-1.0,-4.8,5987.0,507088.0,334179.0,274534.0,193752.0,319359.0,328518.0,268723.0,393847.0,398237.0,322835.0
2024-01-01,East of England,E12000006,328802,0.8,-3.5,4783.0,512746.0,337347.0,277339.0,193523.0,322303.0,331164.0,270302.0,398099.0,414842.0,325006.0
2024-02-01,East of England,E12000006,324976,-1.2,-4.7,5437.0,503471.0,334464.0,274763.0,191784.0,318177.0,327475.0,268151.0,392082.0,409435.0,321252.0
2024-03-01,East of England,E12000006,322950,-0.6,-3.8,6395.0,500874.0,330550.0,272250.0,193038.0,316497.0,325300.0,266378.0,389779.0,405829.0,319301.0
2024-04-01,East of England,E12000006,325736,0.9,-1.8,5540.0,502039.0,334147.0,275853.0,194736.0,318231.0,328545.0,268815.0,392948.0,404844.0,322279.0
2024-05-01,East of England,E12000006,326196,0.1,-1.3,7014.0,503597.0,334876.0,275611.0,194864.0,319205.0,328778.0,269147.0,393569.0,407122.0,322649.0
2024-06-01,East of England,E12000006,325834,-0.1,-1.9,6679.0,500722.0,333497.0,277403.0,194940.0,319092.0,328307.0,269476.0,392265.0,391884.0,323040.0
2024-07-01,East of England,E12000006,330577,1.5,-1.8,7568.0,509878.0,339801.0,281900.0,194396.0,323127.0,333354.0,272649.0,399011.0,410747.0,327074.0
2024-08-01,East of England,E12000006,332456,0.6,-1.0,8446.0,513449.0,341154.0,283419.0,195714.0,324924.0,335268.0,273934.0,401649.0,407547.0,329212.0
2024-09-01,East of England,E12000006,333803,0.4,-0.3,7502.0,519578.0,342788.0,282770.0,195435.0,326951.0,336313.0,274674.0,403790.0,410492.0,330480.0
2024-10-01,East of England,E12000006,333824,0.0,0.6,9058.0,516771.0,341997.0,283023.0,198031.0,326833.0,336394.0,275282.0,402994.0,414388.0,330306.0
2024-11-01,East of England,E12000006,332235,-0.5,0.8,8525.0,513908.0,342979.0,281604.0,194766.0,324443.0,335162.0,274168.0,400804.0,411862.0,328762.0
2024-12-01,East of England,E12000006,332966,0.2,2.1,7841.0,520210.0,341855.0,281552.0,194242.0,325987.0,335532.0,274215.0,402457.0,416195.0,329314.0
2025-01-01,East of England,E12000006,332546,-0.1,1.1,6528.0,518297.0,342810.0,281838.0,192735.0,324653.0,335516.0,273682.0,402209.0,428685.0,328264.0
2025-02-01,East of England,E12000006,331922,-0.2,2.1,7786.0,513864.0,341916.0,282350.0,194130.0,323416.0,335135.0,273984.0,400198.0,421808.0,328091.0
2025-03-01,East of England,E12000006,336733,1.4,4.3,15344.0,514675.0,345436.0,287798.0,202196.0,328745.0,339740.0,279494.0,403649.0,428084.0,332836.0
2025-04-01,East of England,E12000006,323863,-3.8,-0.6,3402.0,507913.0,335439.0,272552.0,185816.0,313360.0,327878.0,265449.0,393397.0,422464.0,319335.0
2025-05-01,East of England,E12000006,330647,2.1,1.4,5975.0,516023.0,341083.0,280140.0,190971.0,321986.0,333923.0,271757.0,400475.0,426552.0,326367.0
2025-06-01,East of England,E12000006,335250,1.4,2.9,7293.0,520373.0,345923.0,284573.0,195098.0,326377.0,338608.0,275695.0,405810.0,423566.0,331564.0
2025-07-01,East of England,E12000006,336221,0.3,1.7,7968.0,521586.0,347561.0,285729.0,194846.0,326754.0,339814.0,276674.0,406705.0,433657.0,331875.0
2025-08-01,East of England,E12000006,337979,0.5,1.7,8036.0,524311.0,350101.0,287805.0,194463.0,328933.0,341404.0,277884.0,409198.0,431198.0,333954.0
2025-09-01,East of England,E12000006,337787,-0.1,1.2,7063.0,526336.0,349846.0,287950.0,192326.0,328719.0,341221.0,277408.0,409458.0,430316.0,333811.0
2025-10-01,East of England,E12000006,341095,1.0,2.2,7847.0,532600.0,354572.0,289131.0,193827.0,331810.0,344613.0,280164.0,413407.0,450572.0,335926.0
2025-11-01,East of England,E12000006,338838,-0.7,2.0,6597.0,528034.0,351470.0,288599.0,192594.0,329300.0,342458.0,278352.0,410607.0,441346.0,334147.0
2025-12-01,East of England,E12000006,337177,-0.5,1.3,6293.0,523838.0,349322.0,287118.0,193371.0,327533.0,340840.0,277474.0,407841.0,431844.0,333040.0
2026-01-01,East of England,E12000006,335797,-0.4,1.0,4703.0,521864.0,349348.0,286722.0,190104.0,326241.0,339427.0,275888.0,406871.0,434106.0,331385.0
2026-02-01,East of England,E12000006,337788,0.6,1.8,4765.0,527019.0,351189.0,286866.0,191640.0,328344.0,341373.0,277842.0,408996.0,441794.0,333039.0
2026-03-01,East of England,E12000006,336948,-0.2,0.1,5082.0,524888.0,351123.0,287207.0,189642.0,327039.0,340715.0,277259.0,407882.0,451523.0,331567.0
2026-04-01,East of England,E12000006,337186,0.1,4.1,,522612.0,351032.0,287764.0,191999.0,327140.0,341006.0,277891.0,407778.0,,
2026-05-01,East of England,E12000006,338224,0.3,2.3,,526053.0,352640.0,287317.0,192039.0,328649.0,341860.0,278064.0,409646.0,,
2021-01-01,England,E92000001,249890,-0.1,6.8,70906.0,400408.0,239206.0,203782.0,211598.0,240318.0,253698.0,209653.0,303552.0,302916.0,247390.0
2021-02-01,England,E92000001,251309,0.6,7.9,90060.0,401761.0,240266.0,205709.0,212678.0,241952.0,255038.0,211361.0,304544.0,308151.0,248448.0
2021-03-01,England,E92000001,254407,1.2,8.2,128525.0,405272.0,242416.0,208532.0,217216.0,244983.0,258163.0,214047.0,308185.0,314519.0,251260.0
2021-04-01,England,E92000001,250703,-1.5,7.8,82173.0,402224.0,239276.0,205073.0,211892.0,240982.0,254568.0,210907.0,303731.0,314099.0,247201.0
2021-05-01,England,E92000001,251203,0.2,7.5,71336.0,403410.0,240217.0,205640.0,211031.0,241488.0,255065.0,211097.0,304663.0,308999.0,248247.0
2021-06-01,England,E92000001,266129,5.9,12.4,162673.0,423149.0,253590.0,221100.0,222854.0,257412.0,269631.0,224091.0,322129.0,315535.0,264177.0
2021-07-01,England,E92000001,250545,-5.9,4.8,52302.0,401849.0,240259.0,203681.0,212284.0,240832.0,254407.0,210835.0,303454.0,317612.0,246692.0
2021-08-01,England,E92000001,259193,3.5,7.3,71786.0,418989.0,248799.0,211410.0,215477.0,249358.0,263108.0,216981.0,315534.0,310534.0,256966.0
2021-09-01,England,E92000001,268041,3.4,10.0,125654.0,429424.0,257076.0,221283.0,221733.0,258874.0,271713.0,225238.0,325096.0,319095.0,265944.0
2021-10-01,England,E92000001,259748,-3.1,6.0,53907.0,427308.0,248864.0,210086.0,213941.0,249931.0,263657.0,216530.0,317520.0,310760.0,257561.0
2021-11-01,England,E92000001,265662,2.3,7.2,68044.0,433974.0,255257.0,215507.0,218984.0,255919.0,269548.0,221749.0,324334.0,322349.0,262973.0
2021-12-01,England,E92000001,267793,0.8,7.0,76166.0,435507.0,256409.0,219333.0,220057.0,258386.0,271554.0,223896.0,326407.0,314269.0,266161.0
2022-01-01,England,E92000001,270231,0.9,8.1,57602.0,440325.0,260243.0,220353.0,220816.0,260386.0,274159.0,225717.0,329691.0,321658.0,268121.0
2022-02-01,England,E92000001,271265,0.4,7.9,66048.0,440554.0,261063.0,221012.0,223575.0,261270.0,275253.0,227242.0,330229.0,332327.0,268780.0
2022-03-01,England,E92000001,272225,0.4,7.0,75440.0,443574.0,262521.0,221995.0,221848.0,261745.0,276406.0,227620.0,331864.0,331680.0,269802.0
2022-04-01,England,E92000001,274812,1.0,9.6,68234.0,446355.0,264279.0,225518.0,223782.0,264672.0,278857.0,229973.0,334808.0,328936.0,272594.0
2022-05-01,England,E92000001,278084,1.2,10.7,68223.0,451774.0,268689.0,227975.0,224775.0,267777.0,282196.0,232459.0,339072.0,329993.0,275953.0
2022-06-01,England,E92000001,281116,1.1,5.6,71809.0,454481.0,270777.0,231086.0,229363.0,270052.0,285528.0,235546.0,342163.0,333972.0,278947.0
2022-07-01,England,E92000001,286526,1.9,14.4,76486.0,464170.0,277134.0,236066.0,230175.0,275559.0,290901.0,239579.0,349296.0,340887.0,284296.0
2022-08-01,England,E92000001,289294,1.0,11.6,79111.0,469648.0,279162.0,238656.0,231993.0,278480.0,293608.0,241532.0,353067.0,341753.0,287139.0
2022-09-01,England,E92000001,290185,0.3,8.3,79500.0,471688.0,280183.0,239221.0,232246.0,279116.0,294600.0,242394.0,354024.0,341379.0,288079.0
2022-10-01,England,E92000001,289993,-0.1,11.6,75912.0,472656.0,280457.0,238548.0,231198.0,279049.0,294358.0,242283.0,353736.0,341557.0,287873.0
2022-11-01,England,E92000001,290003,0.0,9.2,77523.0,472872.0,280268.0,238679.0,231126.0,279178.0,294322.0,242273.0,353769.0,347281.0,287657.0
2022-12-01,England,E92000001,288198,-0.6,7.6,73294.0,467249.0,278693.0,237528.0,231131.0,277146.0,292606.0,241371.0,350903.0,338611.0,286124.0
2023-01-01,England,E92000001,285817,-0.8,5.8,50359.0,467600.0,277270.0,233635.0,227710.0,274559.0,290308.0,238384.0,349094.0,353122.0,283086.0
2023-02-01,England,E92000001,283907,-0.7,4.7,49837.0,465415.0,274381.0,231919.0,227156.0,272636.0,288404.0,236961.0,346487.0,354871.0,281046.0
2023-03-01,England,E92000001,279592,-1.5,2.7,57529.0,459530.0,271043.0,226740.0,224532.0,268722.0,283925.0,233219.0,341446.0,355447.0,276561.0
2023-04-01,England,E92000001,280054,0.2,1.9,41002.0,460107.0,271653.0,227857.0,223661.0,269268.0,284353.0,233455.0,342251.0,355136.0,277050.0
2023-05-01,England,E92000001,279846,-0.1,0.6,44542.0,455673.0,270926.0,228654.0,225056.0,269089.0,284134.0,233775.0,341202.0,351713.0,276957.0
2023-06-01,England,E92000001,281585,0.6,0.2,56427.0,458786.0,272458.0,231470.0,224336.0,270994.0,285804.0,235086.0,343550.0,342700.0,279085.0
2023-07-01,England,E92000001,284246,0.9,-0.8,52068.0,463694.0,276703.0,233269.0,224668.0,272801.0,288813.0,236963.0,347353.0,356619.0,281334.0
2023-08-01,England,E92000001,285690,0.5,-1.2,59192.0,466110.0,277288.0,235562.0,225104.0,274395.0,290196.0,238321.0,348868.0,353161.0,282953.0
2023-09-01,England,E92000001,284428,-0.4,-2.0,57425.0,462036.0,275580.0,234384.0,226078.0,273078.0,288956.0,237704.0,346625.0,349693.0,281773.0
2023-10-01,England,E92000001,283147,-0.5,-2.4,55937.0,459317.0,275012.0,232662.0,225619.0,272174.0,287521.0,236724.0,344917.0,356926.0,280186.0
2023-11-01,England,E92000001,281026,-0.7,-3.1,54315.0,459453.0,273485.0,230033.0,222539.0,270227.0,285331.0,234574.0,342941.0,356602.0,278004.0
2023-12-01,England,E92000001,278664,-0.8,-3.3,51916.0,451021.0,270882.0,229359.0,221793.0,267502.0,283117.0,233389.0,338794.0,343847.0,276017.0
2024-01-01,England,E92000001,278060,-0.2,-2.7,41790.0,452626.0,269879.0,228451.0,220935.0,266976.0,282482.0,232141.0,339252.0,354088.0,275026.0
2024-02-01,England,E92000001,276935,-0.4,-2.5,47183.0,447418.0,269632.0,228282.0,219897.0,265601.0,281482.0,231918.0,336768.0,352240.0,273930.0
2024-03-01,England,E92000001,276971,0.0,-0.9,54167.0,448239.0,268272.0,227579.0,222387.0,266046.0,281319.0,231803.0,337036.0,351630.0,273993.0
2024-04-01,England,E92000001,277945,0.4,-0.8,48641.0,447458.0,269988.0,229071.0,222581.0,266403.0,282588.0,232720.0,338064.0,348375.0,275148.0
2024-05-01,England,E92000001,280824,1.0,0.3,59419.0,451270.0,272935.0,231608.0,224961.0,269300.0,285450.0,235467.0,341047.0,353117.0,277950.0
2024-06-01,England,E92000001,281611,0.3,0.0,57853.0,451093.0,272968.0,233717.0,225240.0,270135.0,286210.0,236424.0,341542.0,343821.0,279175.0
2024-07-01,England,E92000001,284105,0.9,0.0,64652.0,456633.0,276791.0,236246.0,223754.0,271848.0,289074.0,237926.0,345483.0,355226.0,281284.0
2024-08-01,England,E92000001,287343,1.1,0.6,70500.0,461963.0,279256.0,239069.0,226916.0,275110.0,292288.0,240694.0,349331.0,355088.0,284670.0
2024-09-01,England,E92000001,287576,0.1,1.1,63165.0,466024.0,280094.0,238148.0,225695.0,275629.0,292383.0,240512.0,350201.0,356418.0,284857.0
2024-10-01,England,E92000001,287595,0.0,1.6,73751.0,464931.0,279380.0,238213.0,227272.0,275917.0,292271.0,240858.0,349710.0,360720.0,284690.0
2024-11-01,England,E92000001,286814,-0.3,2.1,70691.0,462816.0,280769.0,237677.0,224262.0,274614.0,291745.0,240430.0,348411.0,358284.0,283980.0
2024-12-01,England,E92000001,287035,0.1,3.0,65201.0,467337.0,279765.0,237866.0,223431.0,274985.0,291893.0,240357.0,349080.0,361540.0,284071.0
2025-01-01,England,E92000001,287264,0.1,3.3,55008.0,466006.0,280902.0,238187.0,223294.0,274481.0,292476.0,240421.0,349556.0,372301.0,283857.0
2025-02-01,England,E92000001,287794,0.2,3.9,62948.0,464620.0,281223.0,239477.0,224212.0,275015.0,293004.0,241334.0,349395.0,369397.0,284597.0
2025-03-01,England,E92000001,291748,1.4,5.3,120728.0,463935.0,284863.0,244460.0,229848.0,279140.0,296879.0,246052.0,351805.0,374097.0,288530.0
2025-04-01,England,E92000001,280500,-3.9,0.9,31590.0,458248.0,274798.0,230314.0,218560.0,266994.0,286039.0,233842.0,342915.0,369054.0,276847.0
2025-05-01,England,E92000001,285526,1.8,1.7,51440.0,462334.0,279341.0,236783.0,222264.0,272405.0,290888.0,238717.0,347870.0,369745.0,282158.0
2025-06-01,England,E92000001,288226,0.9,2.3,61183.0,465624.0,282193.0,239674.0,223868.0,275250.0,293522.0,241079.0,350980.0,366125.0,285256.0
2025-07-01,England,E92000001,290499,0.8,2.3,66045.0,469280.0,284665.0,241743.0,225069.0,277260.0,295906.0,243065.0,353601.0,376848.0,287033.0
2025-08-01,England,E92000001,292908,0.8,1.9,67008.0,473094.0,288004.0,244426.0,224776.0,279595.0,298345.0,244980.0,356710.0,375842.0,289661.0
2025-09-01,England,E92000001,291490,-0.5,1.4,58439.0,472900.0,286632.0,243533.0,221905.0,278445.0,296811.0,243471.0,355539.0,371555.0,288408.0
2025-10-01,England,E92000001,292984,0.5,1.9,65376.0,476310.0,289594.0,244264.0,221272.0,279361.0,298557.0,244869.0,357103.0,388413.0,288997.0
2025-11-01,England,E92000001,293578,0.2,2.4,55936.0,476814.0,289642.0,245690.0,221394.0,280178.0,299053.0,245301.0,357939.0,383673.0,289908.0
2025-12-01,England,E92000001,290922,-0.9,1.4,52974.0,471833.0,287263.0,243557.0,219385.0,277529.0,296396.0,243416.0,354121.0,374268.0,287638.0
2026-01-01,England,E92000001,290356,-0.2,1.1,39552.0,469767.0,287478.0,243437.0,218240.0,276602.0,295990.0,242724.0,353811.0,376803.0,286884.0
2026-02-01,England,E92000001,290951,0.2,1.1,39705.0,473229.0,288722.0,243105.0,217298.0,277475.0,296469.0,243341.0,354419.0,382306.0,287234.0
2026-03-01,England,E92000001,290741,-0.1,-0.3,41354.0,472446.0,288799.0,243639.0,216067.0,276664.0,296508.0,243346.0,353991.0,392112.0,286532.0
2026-04-01,England,E92000001,291762,0.4,4.0,,472151.0,289793.0,243950.0,218954.0,277734.0,297508.0,244357.0,355084.0,,
2026-05-01,England,E92000001,292095,0.1,2.3,,473921.0,290791.0,244279.0,217421.0,278246.0,297767.0,244288.0,355823.0,,
2021-01-01,London,E12000007,529101,0.0,3.8,8030.0,1028178.0,633069.0,575732.0,442097.0,574938.0,518958.0,458260.0,649483.0,473563.0,530420.0
2021-02-01,London,E12000007,525153,-0.7,3.4,10070.0,1019466.0,628394.0,569633.0,439619.0,571132.0,514990.0,456078.0,642231.0,483087.0,524424.0
2021-03-01,London,E12000007,534311,1.7,3.4,16466.0,1023764.0,633357.0,577649.0,450063.0,582917.0,523610.0,464158.0,653184.0,492203.0,533462.0
2021-04-01,London,E12000007,523423,-2.0,2.7,9151.0,1032231.0,629937.0,568226.0,436460.0,568119.0,513518.0,453996.0,641242.0,484369.0,522256.0
2021-05-01,London,E12000007,522672,-0.1,3.2,7696.0,1032432.0,629779.0,567691.0,435476.0,568364.0,512571.0,452739.0,641500.0,475828.0,522716.0
2021-06-01,London,E12000007,538199,3.0,4.7,26412.0,1044162.0,643890.0,591954.0,447070.0,581116.0,528620.0,467124.0,658738.0,479271.0,539929.0
2021-07-01,London,E12000007,529788,-1.6,2.3,3030.0,1053648.0,627542.0,564200.0,448420.0,594865.0,515905.0,457801.0,652389.0,493145.0,528167.0
2021-08-01,London,E12000007,545831,3.0,4.2,6063.0,1094123.0,658035.0,592354.0,454212.0,605431.0,532957.0,470067.0,675293.0,484561.0,547826.0
2021-09-01,London,E12000007,541876,-0.7,2.6,12748.0,1080050.0,657828.0,594208.0,447568.0,589265.0,531400.0,468136.0,667494.0,478291.0,544300.0
2021-10-01,London,E12000007,539606,-0.4,3.7,4935.0,1111134.0,661716.0,587385.0,444620.0,593356.0,527884.0,463724.0,669538.0,467744.0,543410.0
2021-11-01,London,E12000007,547647,1.5,3.4,6837.0,1114967.0,667860.0,593226.0,453822.0,603377.0,535520.0,471644.0,677513.0,489430.0,549129.0
2021-12-01,London,E12000007,547837,0.0,3.5,7655.0,1110144.0,669304.0,599668.0,451268.0,598904.0,536622.0,471913.0,677537.0,475663.0,551570.0
2022-01-01,London,E12000007,550635,0.5,4.1,6363.0,1115172.0,674273.0,603709.0,452858.0,603656.0,539030.0,473973.0,681692.0,480334.0,554020.0
2022-02-01,London,E12000007,551066,0.1,4.9,7143.0,1120979.0,675151.0,599827.0,455139.0,603418.0,539583.0,475150.0,680958.0,492637.0,553626.0
2022-03-01,London,E12000007,550480,-0.1,3.0,8630.0,1126359.0,678002.0,602636.0,451643.0,603208.0,538930.0,473861.0,681467.0,489160.0,553240.0
2022-04-01,London,E12000007,554765,0.8,6.0,7432.0,1126010.0,680406.0,610671.0,454612.0,609703.0,542794.0,477263.0,687225.0,484359.0,558146.0
2022-05-01,London,E12000007,554380,-0.1,6.1,7768.0,1137718.0,688592.0,611999.0,450631.0,602714.0,543631.0,476053.0,688135.0,479959.0,558045.0
2022-06-01,London,E12000007,572418,3.3,6.4,8528.0,1163283.0,706654.0,631836.0,466965.0,624112.0,560987.0,492398.0,709172.0,498616.0,575987.0
2022-07-01,London,E12000007,575261,0.5,8.6,9356.0,1160773.0,709549.0,639419.0,467596.0,627518.0,563717.0,493943.0,714120.0,497424.0,579108.0
2022-08-01,London,E12000007,581320,1.1,6.5,9432.0,1182726.0,720113.0,646971.0,470873.0,632171.0,570018.0,498292.0,722998.0,498060.0,585536.0
2022-09-01,London,E12000007,579330,-0.3,6.9,9508.0,1187582.0,720216.0,644506.0,468325.0,630612.0,567954.0,496804.0,720176.0,497994.0,583414.0
2022-10-01,London,E12000007,573946,-0.9,6.4,8976.0,1175309.0,714950.0,640019.0,462931.0,619856.0,563590.0,492934.0,712297.0,493185.0,578005.0
2022-11-01,London,E12000007,575480,0.3,5.1,8978.0,1186681.0,718324.0,641610.0,463480.0,625113.0,564423.0,493730.0,715028.0,494934.0,579519.0
2022-12-01,London,E12000007,572384,-0.5,4.5,8125.0,1177169.0,715829.0,636298.0,461725.0,621514.0,561431.0,491626.0,710306.0,487666.0,576732.0
2023-01-01,London,E12000007,570869,-0.3,3.7,6046.0,1176283.0,715072.0,632120.0,461366.0,621646.0,559614.0,489376.0,709932.0,505659.0,573843.0
2023-02-01,London,E12000007,563875,-1.2,2.3,5587.0,1162758.0,703621.0,623137.0,456791.0,612946.0,552986.0,483789.0,700397.0,507628.0,566419.0
2023-03-01,London,E12000007,555361,-1.5,0.9,6571.0,1144602.0,691159.0,608053.0,452865.0,607019.0,543937.0,477237.0,688281.0,508849.0,557446.0
2023-04-01,London,E12000007,557147,0.3,0.4,4330.0,1147277.0,693063.0,615552.0,451930.0,607123.0,546074.0,478120.0,691826.0,504814.0,559506.0
2023-05-01,London,E12000007,554900,-0.4,0.1,4835.0,1127937.0,683701.0,610746.0,453179.0,607645.0,543249.0,476431.0,688547.0,506835.0,557058.0
2023-06-01,London,E12000007,556107,0.2,-2.8,6016.0,1139611.0,687132.0,617007.0,451136.0,609367.0,544347.0,476541.0,691944.0,487991.0,559228.0
2023-07-01,London,E12000007,559703,0.6,-2.7,6043.0,1148716.0,701941.0,626335.0,449451.0,605263.0,549560.0,479112.0,697468.0,496412.0,562588.0
2023-08-01,London,E12000007,560630,0.2,-3.6,6988.0,1158495.0,700590.0,627335.0,450401.0,608439.0,550010.0,479379.0,699710.0,492748.0,563738.0
2023-09-01,London,E12000007,565702,0.9,-2.4,6912.0,1148975.0,699001.0,631829.0,457504.0,613612.0,555056.0,485254.0,702873.0,500197.0,568692.0
2023-10-01,London,E12000007,555122,-1.9,-3.3,6242.0,1121185.0,686504.0,615130.0,451271.0,605313.0,544007.0,476257.0,689570.0,499241.0,557651.0
2023-11-01,London,E12000007,547757,-1.3,-4.8,6023.0,1122469.0,683330.0,607555.0,443076.0,593918.0,537498.0,469997.0,680300.0,497047.0,550041.0
2023-12-01,London,E12000007,549112,0.2,-4.1,5479.0,1112849.0,680704.0,609446.0,445438.0,595906.0,538718.0,472159.0,679942.0,488122.0,551889.0
2024-01-01,London,E12000007,551097,0.4,-3.5,5102.0,1114674.0,683824.0,612914.0,446441.0,600366.0,540178.0,472823.0,684528.0,503566.0,553230.0
2024-02-01,London,E12000007,546247,-0.9,-3.1,5582.0,1099375.0,677985.0,608497.0,442297.0,591747.0,536319.0,469360.0,677037.0,500073.0,548321.0
2024-03-01,London,E12000007,547437,0.2,-1.4,5952.0,1099755.0,669457.0,606355.0,446831.0,596018.0,536687.0,470846.0,677539.0,500421.0,549547.0
2024-04-01,London,E12000007,548467,0.2,-1.6,5730.0,1108170.0,680119.0,608973.0,444870.0,596164.0,537959.0,470404.0,681606.0,489017.0,551119.0
2024-05-01,London,E12000007,553592,0.9,-0.2,6785.0,1106213.0,681688.0,614656.0,450513.0,600030.0,543443.0,475716.0,686047.0,500272.0,555976.0
2024-06-01,London,E12000007,556853,0.6,0.1,6287.0,1117563.0,685162.0,618622.0,452934.0,605102.0,546231.0,478986.0,689107.0,496262.0,559555.0
2024-07-01,London,E12000007,557831,0.2,-0.3,7834.0,1131093.0,698511.0,628695.0,447128.0,600549.0,548704.0,477503.0,695211.0,494751.0,560643.0
2024-08-01,London,E12000007,567121,1.7,1.2,8392.0,1144551.0,703166.0,636941.0,457091.0,613580.0,557024.0,486352.0,704895.0,504123.0,569930.0
2024-09-01,London,E12000007,566882,0.0,0.2,7402.0,1169749.0,711215.0,637408.0,453901.0,612215.0,557088.0,485254.0,706485.0,499806.0,569872.0
2024-10-01,London,E12000007,560909,-1.1,1.0,8981.0,1148653.0,702839.0,627946.0,450756.0,604586.0,551537.0,481246.0,696708.0,504561.0,563426.0
2024-11-01,London,E12000007,559925,-0.2,2.2,7652.0,1145265.0,702077.0,628742.0,449157.0,604169.0,550395.0,480145.0,696028.0,499749.0,562610.0
2024-12-01,London,E12000007,556882,-0.5,1.4,6862.0,1142262.0,694670.0,627192.0,446546.0,599167.0,547869.0,478183.0,690881.0,497415.0,559535.0
2025-01-01,London,E12000007,563861,1.3,2.3,6665.0,1156257.0,710657.0,637810.0,449606.0,606407.0,554808.0,482860.0,702313.0,512987.0,566140.0
2025-02-01,London,E12000007,561072,-0.5,2.7,7285.0,1146897.0,705950.0,634342.0,447868.0,602014.0,552432.0,481070.0,697431.0,510927.0,563317.0
2025-03-01,London,E12000007,553812,-1.3,1.2,16812.0,1107509.0,692870.0,624529.0,444391.0,588659.0,546767.0,477826.0,681452.0,512376.0,555641.0
2025-04-01,London,E12000007,564530,1.9,2.9,2868.0,1180037.0,715529.0,632982.0,450701.0,616240.0,553083.0,480377.0,710419.0,517709.0,566615.0
2025-05-01,London,E12000007,565507,0.2,2.2,5139.0,1165272.0,713049.0,635069.0,452428.0,615319.0,554555.0,482768.0,707920.0,515680.0,567735.0
2025-06-01,London,E12000007,567350,0.3,1.9,6329.0,1171876.0,718257.0,642658.0,451117.0,612118.0,557724.0,484418.0,710044.0,505906.0,570144.0
2025-07-01,London,E12000007,569453,0.4,2.1,7504.0,1161676.0,718356.0,644681.0,453958.0,613662.0,559982.0,486664.0,711606.0,520066.0,571658.0
2025-08-01,London,E12000007,567654,-0.3,0.1,7445.0,1156794.0,721660.0,649612.0,448861.0,607724.0,559271.0,484502.0,710843.0,507458.0,570387.0
2025-09-01,London,E12000007,563422,-0.7,-0.6,6660.0,1162437.0,718851.0,647033.0,443654.0,604779.0,554682.0,480097.0,707436.0,495541.0,566539.0
2025-10-01,London,E12000007,555001,-1.5,-1.1,6995.0,1157497.0,717327.0,638480.0,434451.0,591236.0,547590.0,473020.0,696626.0,505485.0,557218.0
2025-11-01,London,E12000007,557298,0.4,-0.5,5951.0,1157723.0,718904.0,643770.0,435687.0,594219.0,549712.0,474686.0,700205.0,500997.0,559843.0
2025-12-01,London,E12000007,549277,-1.4,-1.4,5479.0,1151135.0,711300.0,633932.0,428764.0,584537.0,542102.0,467734.0,690416.0,486094.0,552165.0
2026-01-01,London,E12000007,553088,0.7,-1.9,4490.0,1142372.0,714944.0,642404.0,431082.0,588565.0,545871.0,470517.0,696314.0,490236.0,555959.0
2026-02-01,London,E12000007,542884,-1.8,-3.2,3955.0,1137140.0,708173.0,627525.0,422550.0,575359.0,536384.0,463162.0,681489.0,487778.0,545391.0
2026-03-01,London,E12000007,543923,0.2,-1.8,4199.0,1135905.0,711164.0,633451.0,421453.0,574042.0,538014.0,464638.0,681916.0,504870.0,545689.0
2026-04-01,London,E12000007,551552,1.4,-2.3,,1157563.0,718382.0,636096.0,429950.0,586187.0,544540.0,470139.0,692992.0,,
2026-05-01,London,E12000007,544814,-1.2,-3.7,,1138974.0,716038.0,631396.0,422576.0,575650.0,538729.0,465145.0,683412.0,,
2021-01-01,North East,E12000001,132623,0.9,10.1,3180.0,234740.0,137228.0,109897.0,90919.0,124817.0,136367.0,115705.0,158168.0,217470.0,129456.0
2021-02-01,North East,E12000001,133797,0.9,11.4,3733.0,236211.0,138221.0,111135.0,92070.0,126121.0,137478.0,116960.0,159234.0,220957.0,130476.0
2021-03-01,North East,E12000001,136174,1.8,12.2,4888.0,240234.0,140174.0,113344.0,94396.0,128239.0,139980.0,119034.0,162068.0,226275.0,132682.0
2021-04-01,North East,E12000001,133960,-1.6,14.9,3662.0,237576.0,138033.0,111158.0,92324.0,126140.0,137712.0,117206.0,159280.0,226020.0,130255.0
2021-05-01,North East,E12000001,133791,-0.1,10.5,3400.0,237500.0,137953.0,111371.0,90769.0,126282.0,137390.0,116948.0,159236.0,221146.0,130454.0
2021-06-01,North East,E12000001,145095,8.4,18.3,5717.0,253118.0,148559.0,122733.0,99679.0,137755.0,148606.0,127190.0,172169.0,231618.0,142148.0
2021-07-01,North East,E12000001,134393,-7.4,8.6,3678.0,239289.0,139377.0,111115.0,90765.0,126709.0,138077.0,117514.0,159895.0,228868.0,130510.0
2021-08-01,North East,E12000001,137004,1.9,10.1,4051.0,242985.0,142093.0,113729.0,92117.0,128944.0,140870.0,119559.0,163346.0,221408.0,133997.0
2021-09-01,North East,E12000001,146908,7.2,15.2,5805.0,257853.0,151392.0,123468.0,99343.0,139277.0,150559.0,128673.0,174473.0,235975.0,143803.0
2021-10-01,North East,E12000001,136801,-6.9,7.3,3387.0,246233.0,141373.0,112755.0,92083.0,128620.0,140727.0,119055.0,163581.0,222074.0,133717.0
2021-11-01,North East,E12000001,138405,1.2,6.5,3700.0,247543.0,143476.0,114151.0,93374.0,129844.0,142516.0,120490.0,165440.0,227548.0,135051.0
2021-12-01,North East,E12000001,140230,1.3,6.6,4060.0,248792.0,144782.0,117093.0,93819.0,132273.0,144044.0,122364.0,167208.0,222875.0,137464.0
2022-01-01,North East,E12000001,140576,0.2,6.0,2862.0,251403.0,145822.0,116241.0,93803.0,132316.0,144538.0,122385.0,168029.0,228616.0,137373.0
2022-02-01,North East,E12000001,140762,0.1,5.2,3211.0,249874.0,146059.0,116571.0,95072.0,132261.0,144841.0,123045.0,167664.0,234636.0,137401.0
2022-03-01,North East,E12000001,143435,1.9,5.3,3772.0,256186.0,148651.0,118737.0,95955.0,134794.0,147582.0,125063.0,171224.0,238474.0,140027.0
2022-04-01,North East,E12000001,144411,0.7,7.8,3351.0,256711.0,149350.0,120277.0,96252.0,135826.0,148530.0,126073.0,172201.0,234597.0,141128.0
2022-05-01,North East,E12000001,145424,0.7,8.7,3466.0,257486.0,151311.0,120751.0,96823.0,136490.0,149711.0,126955.0,173411.0,235530.0,142137.0
2022-06-01,North East,E12000001,147826,1.7,1.9,3611.0,261530.0,153024.0,123345.0,98694.0,138934.0,152093.0,129251.0,176042.0,237748.0,144531.0
2022-07-01,North East,E12000001,151552,2.5,12.8,3811.0,268179.0,157123.0,126701.0,99753.0,142589.0,155851.0,132333.0,180685.0,245202.0,148133.0
2022-08-01,North East,E12000001,151747,0.1,10.8,4093.0,269512.0,157006.0,126833.0,99812.0,142839.0,156020.0,132254.0,181212.0,246443.0,148299.0
2022-09-01,North East,E12000001,152937,0.8,4.1,4018.0,271218.0,158219.0,128016.0,100451.0,144077.0,157187.0,133439.0,182460.0,245030.0,149554.0
2022-10-01,North East,E12000001,153663,0.5,12.3,3815.0,273667.0,159213.0,128228.0,100446.0,144882.0,157875.0,134131.0,183256.0,245897.0,150272.0
2022-11-01,North East,E12000001,153022,-0.4,10.6,3941.0,272203.0,158499.0,127580.0,100801.0,143774.0,157459.0,133516.0,182556.0,250655.0,149486.0
2022-12-01,North East,E12000001,152252,-0.5,8.6,3912.0,270297.0,157710.0,127267.0,99770.0,143512.0,156444.0,133036.0,181412.0,243867.0,148886.0
2023-01-01,North East,E12000001,150814,-0.9,7.3,2738.0,270218.0,156952.0,124929.0,98219.0,141462.0,155301.0,131408.0,180137.0,255422.0,147107.0
2023-02-01,North East,E12000001,147783,-2.0,5.0,2602.0,265216.0,153068.0,122005.0,98418.0,138619.0,152180.0,128788.0,176479.0,254826.0,144028.0
2023-03-01,North East,E12000001,144993,-1.9,1.1,2983.0,261740.0,150820.0,119198.0,95792.0,135958.0,149330.0,126224.0,173383.0,252777.0,141236.0
2023-04-01,North East,E12000001,147442,1.7,2.1,2234.0,265559.0,153279.0,121257.0,97804.0,138146.0,151906.0,128295.0,176418.0,258674.0,143579.0
2023-05-01,North East,E12000001,146913,-0.4,1.0,2448.0,262306.0,152630.0,121320.0,97681.0,137670.0,151352.0,128003.0,175488.0,252645.0,143199.0
2023-06-01,North East,E12000001,149448,1.7,1.1,3314.0,265699.0,154881.0,124394.0,98199.0,140403.0,153784.0,130264.0,178425.0,249376.0,145878.0
2023-07-01,North East,E12000001,150021,0.4,-1.0,2906.0,268018.0,155749.0,124430.0,98441.0,140551.0,154569.0,130562.0,179463.0,260690.0,146156.0
2023-08-01,North East,E12000001,154429,2.9,1.8,3127.0,274815.0,159724.0,128539.0,101912.0,144736.0,159083.0,134571.0,184432.0,263743.0,150574.0
2023-09-01,North East,E12000001,151607,-1.8,-0.9,3094.0,269543.0,157379.0,126289.0,98882.0,142172.0,156136.0,132200.0,180907.0,255496.0,147916.0
2023-10-01,North East,E12000001,150966,-0.4,-1.8,2957.0,268312.0,156439.0,125643.0,99307.0,141673.0,155423.0,131675.0,180080.0,260804.0,147117.0
2023-11-01,North East,E12000001,150866,-0.1,-1.4,2991.0,271134.0,156777.0,124682.0,98941.0,141563.0,155328.0,131293.0,180482.0,265081.0,146902.0
2023-12-01,North East,E12000001,151215,0.2,-0.7,2885.0,268638.0,157156.0,125843.0,98716.0,141953.0,155658.0,131986.0,180214.0,254161.0,147552.0
2024-01-01,North East,E12000001,147973,-2.1,-1.9,2122.0,266037.0,152967.0,122661.0,97520.0,139094.0,152228.0,128728.0,177108.0,261263.0,144053.0
2024-02-01,North East,E12000001,148690,0.5,0.6,2365.0,262519.0,154348.0,124015.0,98057.0,139491.0,153135.0,130039.0,176860.0,258982.0,144886.0
2024-03-01,North East,E12000001,147221,-1.0,1.5,2837.0,262031.0,152357.0,122527.0,97247.0,138319.0,151496.0,128493.0,175532.0,256889.0,143437.0
2024-04-01,North East,E12000001,146629,-0.4,-0.6,2613.0,258310.0,152243.0,121747.0,98395.0,137259.0,151197.0,128090.0,174644.0,251971.0,143011.0
2024-05-01,North East,E12000001,149642,2.1,1.9,3155.0,265250.0,155153.0,124526.0,99039.0,140621.0,153969.0,130708.0,178253.0,259426.0,145860.0
2024-06-01,North East,E12000001,151871,1.5,1.6,3139.0,267674.0,156831.0,127617.0,99756.0,143085.0,156037.0,132911.0,180499.0,255034.0,148358.0
2024-07-01,North East,E12000001,151703,-0.1,1.1,3197.0,268530.0,157326.0,126866.0,99045.0,142292.0,156255.0,132449.0,180805.0,262172.0,147902.0
2024-08-01,North East,E12000001,153371,1.1,-0.7,3600.0,270606.0,158631.0,128525.0,100916.0,144031.0,157866.0,133964.0,182701.0,261560.0,149665.0
2024-09-01,North East,E12000001,156297,1.9,3.1,3205.0,278357.0,162017.0,130663.0,101170.0,147139.0,160656.0,136403.0,186371.0,267337.0,152489.0
2024-10-01,North East,E12000001,155424,-0.6,3.0,3627.0,276784.0,160716.0,129811.0,101690.0,146170.0,159848.0,135688.0,185254.0,269078.0,151511.0
2024-11-01,North East,E12000001,155962,0.3,3.4,3744.0,275102.0,162363.0,130435.0,101237.0,146457.0,160536.0,136522.0,185314.0,267059.0,152151.0
2024-12-01,North East,E12000001,158022,1.3,4.5,3423.0,283234.0,163723.0,132244.0,100935.0,148541.0,162565.0,138049.0,188204.0,274522.0,154007.0
2025-01-01,North East,E12000001,154863,-2.0,4.7,2824.0,276842.0,160657.0,129049.0,100322.0,145002.0,159666.0,135207.0,184573.0,277506.0,150607.0
2025-02-01,North East,E12000001,157310,1.6,5.8,3093.0,279295.0,163333.0,131716.0,101531.0,147545.0,162051.0,137623.0,186995.0,277564.0,153221.0
2025-03-01,North East,E12000001,163542,4.0,11.1,5008.0,285722.0,169013.0,138175.0,107715.0,154120.0,168072.0,143726.0,193259.0,285082.0,159483.0
2025-04-01,North East,E12000001,148461,-9.2,1.2,2002.0,268764.0,154958.0,122394.0,95024.0,138258.0,153477.0,129161.0,177755.0,271360.0,144096.0
2025-05-01,North East,E12000001,154763,4.2,3.4,3053.0,276125.0,160615.0,129355.0,99563.0,144616.0,159723.0,135029.0,184613.0,276467.0,150556.0
2025-06-01,North East,E12000001,158674,2.5,4.5,3577.0,281680.0,164883.0,133216.0,101276.0,148958.0,163383.0,138585.0,189026.0,276553.0,154739.0
2025-07-01,North East,E12000001,159329,0.4,5.0,3468.0,284083.0,165330.0,133511.0,101847.0,149498.0,164098.0,139084.0,189935.0,284492.0,155005.0
2025-08-01,North East,E12000001,160396,0.7,4.6,3292.0,284722.0,166987.0,134272.0,102718.0,150274.0,165320.0,139945.0,191331.0,283188.0,156217.0
2025-09-01,North East,E12000001,160093,-0.2,2.4,2829.0,284600.0,166426.0,134586.0,101295.0,150160.0,164914.0,139785.0,190784.0,280230.0,156055.0
2025-10-01,North East,E12000001,162351,1.4,4.5,3180.0,290098.0,169121.0,136076.0,101914.0,152348.0,167202.0,141695.0,193584.0,294540.0,157695.0
2025-11-01,North East,E12000001,164739,1.5,5.6,2751.0,293554.0,171302.0,138286.0,104124.0,154340.0,169798.0,143736.0,196510.0,295981.0,160170.0
2025-12-01,North East,E12000001,162831,-1.2,3.0,2563.0,288342.0,169006.0,137472.0,102990.0,152931.0,167624.0,142474.0,193520.0,286975.0,158617.0
2026-01-01,North East,E12000001,159530,-2.0,3.0,1923.0,281501.0,166667.0,134295.0,100444.0,149310.0,164511.0,139516.0,189719.0,283727.0,155261.0
2026-02-01,North East,E12000001,163176,2.3,3.7,1866.0,289644.0,170630.0,136951.0,101975.0,152891.0,168184.0,142690.0,194068.0,292554.0,158696.0
2026-03-01,North East,E12000001,162616,-0.3,-0.6,1980.0,289457.0,170080.0,136712.0,100242.0,152115.0,167737.0,142304.0,193315.0,300064.0,157746.0
2026-04-01,North East,E12000001,162911,0.2,9.7,,287770.0,170628.0,136544.0,102932.0,152296.0,168091.0,142627.0,193612.0,,
2026-05-01,North East,E12000001,163933,0.6,5.9,,289942.0,171659.0,137820.0,102238.0,153533.0,168999.0,143288.0,195023.0,,
2021-01-01,North West,E12000002,170526,0.9,11.4,9044.0,303132.0,185272.0,133704.0,121901.0,163299.0,173714.0,147418.0,205643.0,207969.0,168791.0
2021-02-01,North West,E12000002,173134,1.5,12.9,11431.0,307353.0,187254.0,136632.0,123497.0,166177.0,176214.0,150015.0,208285.0,213769.0,171129.0
2021-03-01,North West,E12000002,175992,1.7,13.5,15003.0,311238.0,189724.0,138980.0,127528.0,168873.0,179143.0,152550.0,211637.0,219338.0,173767.0
2021-04-01,North West,E12000002,172587,-1.9,13.2,10414.0,308544.0,186236.0,136183.0,122389.0,165360.0,175778.0,149601.0,207539.0,217852.0,170155.0
2021-05-01,North West,E12000002,172994,0.2,13.2,9652.0,308768.0,187000.0,136700.0,121862.0,165654.0,176232.0,149927.0,208068.0,214150.0,170940.0
2021-06-01,North West,E12000002,187330,8.3,19.3,17317.0,328749.0,201014.0,150180.0,133698.0,180387.0,190422.0,162717.0,224775.0,223499.0,185894.0
2021-07-01,North West,E12000002,171845,-8.3,7.8,8974.0,305856.0,186456.0,135600.0,120772.0,164254.0,175186.0,149397.0,206005.0,218496.0,169282.0
2021-08-01,North West,E12000002,178467,3.9,10.7,10651.0,319127.0,194022.0,141174.0,122627.0,170544.0,181953.0,154401.0,215047.0,213928.0,177003.0
2021-09-01,North West,E12000002,187266,4.9,15.4,16386.0,330202.0,202355.0,149684.0,130665.0,179669.0,190627.0,162623.0,224753.0,223798.0,185794.0
2021-10-01,North West,E12000002,177157,-5.4,7.1,8055.0,322136.0,192647.0,138392.0,122235.0,168809.0,180817.0,152697.0,214311.0,213462.0,175598.0
2021-11-01,North West,E12000002,182712,3.1,9.9,9761.0,328710.0,198842.0,143236.0,127025.0,174136.0,186473.0,157780.0,220595.0,223496.0,180791.0
2021-12-01,North West,E12000002,185573,1.6,9.8,10645.0,330758.0,201075.0,147248.0,128498.0,177361.0,189186.0,160580.0,223562.0,218444.0,184436.0
2022-01-01,North West,E12000002,186704,0.6,9.5,7910.0,333674.0,203407.0,147179.0,128871.0,177751.0,190626.0,161442.0,225096.0,223697.0,185182.0
2022-02-01,North West,E12000002,187066,0.2,8.0,8905.0,334546.0,203345.0,147628.0,129511.0,178578.0,190787.0,162042.0,225211.0,230311.0,185325.0
2022-03-01,North West,E12000002,187958,0.5,6.8,10287.0,336558.0,204819.0,148181.0,129012.0,179009.0,191879.0,162573.0,226556.0,230357.0,186246.0
2022-04-01,North West,E12000002,191021,1.6,10.7,9370.0,340153.0,207556.0,151372.0,131946.0,181776.0,195069.0,165407.0,230039.0,229561.0,189439.0
2022-05-01,North West,E12000002,192942,1.0,11.5,9159.0,343211.0,210349.0,152871.0,132016.0,183728.0,196979.0,167089.0,232333.0,230406.0,191397.0
2022-06-01,North West,E12000002,194417,0.8,3.8,9379.0,345876.0,211589.0,154393.0,132815.0,185253.0,198432.0,168370.0,234105.0,231344.0,192889.0
2022-07-01,North West,E12000002,199323,2.5,16.0,10309.0,353897.0,217450.0,158654.0,134532.0,189845.0,203475.0,172612.0,240019.0,236287.0,197788.0
2022-08-01,North West,E12000002,200868,0.8,12.6,10338.0,358030.0,218892.0,159883.0,134900.0,191184.0,205111.0,173608.0,242266.0,237544.0,199343.0
2022-09-01,North West,E12000002,202921,1.0,8.4,10294.0,360779.0,220729.0,161689.0,137515.0,193001.0,207265.0,175695.0,244388.0,240118.0,201374.0
2022-10-01,North West,E12000002,202008,-0.4,14.0,9928.0,361792.0,220172.0,160285.0,135495.0,192499.0,206175.0,174682.0,243540.0,237714.0,200516.0
2022-11-01,North West,E12000002,202872,0.4,11.0,10311.0,363478.0,220729.0,161224.0,136103.0,193003.0,207194.0,175499.0,244503.0,243899.0,201189.0
2022-12-01,North West,E12000002,200795,-1.0,8.2,9553.0,357409.0,218655.0,159750.0,135862.0,191029.0,205072.0,174034.0,241626.0,237033.0,199285.0
2023-01-01,North West,E12000002,197527,-1.6,5.8,6717.0,356049.0,216054.0,155595.0,131992.0,187706.0,201827.0,170393.0,238605.0,245175.0,195620.0
2023-02-01,North West,E12000002,196497,-0.5,5.0,7027.0,353911.0,213899.0,155055.0,132510.0,186693.0,200791.0,169747.0,236929.0,245928.0,194529.0
2023-03-01,North West,E12000002,194453,-1.0,3.5,7884.0,352303.0,212845.0,151909.0,131730.0,185024.0,198578.0,167705.0,234957.0,249541.0,192289.0
2023-04-01,North West,E12000002,194385,0.0,1.8,5696.0,352542.0,212895.0,152134.0,130637.0,184707.0,198624.0,167498.0,235143.0,246632.0,192320.0
2023-05-01,North West,E12000002,196419,1.0,1.8,6135.0,353493.0,214691.0,154398.0,132545.0,186927.0,200570.0,169423.0,237291.0,247004.0,194409.0
2023-06-01,North West,E12000002,197880,0.7,1.8,7426.0,354432.0,215416.0,156671.0,133222.0,188083.0,202170.0,170918.0,238638.0,242240.0,196092.0
2023-07-01,North West,E12000002,199014,0.6,-0.2,7032.0,356819.0,217916.0,156714.0,133711.0,188865.0,203462.0,171654.0,240441.0,251539.0,196933.0
2023-08-01,North West,E12000002,200408,0.7,-0.2,7895.0,358024.0,218386.0,158788.0,134786.0,189904.0,205017.0,173231.0,241457.0,249321.0,198454.0
2023-09-01,North West,E12000002,200657,0.1,-1.1,7828.0,357187.0,218360.0,158889.0,136343.0,190504.0,205106.0,173641.0,241410.0,249423.0,198708.0
2023-10-01,North West,E12000002,200939,0.1,-0.5,7685.0,358489.0,219093.0,158805.0,136125.0,190879.0,205345.0,173796.0,241907.0,255939.0,198769.0
2023-11-01,North West,E12000002,199536,-0.7,-1.6,7363.0,359479.0,217909.0,157170.0,134015.0,189821.0,203787.0,172223.0,240860.0,255617.0,197331.0
2023-12-01,North West,E12000002,200245,0.4,-0.3,6990.0,356951.0,218108.0,158704.0,135144.0,190366.0,204570.0,173331.0,240831.0,248967.0,198298.0
2024-01-01,North West,E12000002,196802,-1.7,-0.4,5688.0,354706.0,215018.0,154860.0,132307.0,186762.0,201203.0,169757.0,237749.0,251839.0,194636.0
2024-02-01,North West,E12000002,196304,-0.3,-0.1,6506.0,349804.0,214365.0,155752.0,131425.0,186387.0,200643.0,169925.0,236140.0,250368.0,194173.0
2024-03-01,North West,E12000002,198378,1.1,2.0,7449.0,354209.0,215820.0,156749.0,135454.0,188487.0,202695.0,171534.0,238948.0,252614.0,196239.0
2024-04-01,North West,E12000002,198529,0.1,2.1,6526.0,352281.0,216217.0,157407.0,135146.0,188272.0,203034.0,171891.0,238751.0,250402.0,196477.0
2024-05-01,North West,E12000002,202747,2.1,3.2,8186.0,357586.0,220855.0,160671.0,139493.0,192192.0,207389.0,175961.0,243124.0,255412.0,200663.0
2024-06-01,North West,E12000002,201998,-0.4,2.1,7659.0,355902.0,219258.0,161398.0,137355.0,191793.0,206463.0,175381.0,242109.0,247236.0,200192.0
2024-07-01,North West,E12000002,203585,0.8,2.3,8772.0,359234.0,221987.0,162519.0,136637.0,192935.0,208273.0,176448.0,244531.0,254673.0,201558.0
2024-08-01,North West,E12000002,207404,1.9,3.5,9458.0,367323.0,225520.0,166038.0,138374.0,196719.0,212096.0,179702.0,249212.0,256988.0,205432.0
2024-09-01,North West,E12000002,207922,0.2,3.6,8507.0,370498.0,226517.0,165598.0,138643.0,197164.0,212649.0,180026.0,250042.0,258657.0,205906.0
2024-10-01,North West,E12000002,207841,0.0,3.4,9697.0,370603.0,225958.0,165403.0,139603.0,197530.0,212339.0,179916.0,250012.0,261396.0,205721.0
2024-11-01,North West,E12000002,208283,0.2,4.4,9559.0,370418.0,227496.0,165936.0,138153.0,197584.0,212978.0,180538.0,250143.0,261559.0,206173.0
2024-12-01,North West,E12000002,207967,-0.2,3.9,8701.0,372747.0,226417.0,165764.0,137326.0,197261.0,212666.0,180150.0,249955.0,263518.0,205773.0
2025-01-01,North West,E12000002,207957,0.0,5.7,7350.0,371912.0,227356.0,165443.0,136875.0,196762.0,212909.0,180105.0,250003.0,271160.0,205487.0
2025-02-01,North West,E12000002,209139,0.6,6.5,8575.0,372330.0,228206.0,167096.0,137896.0,197999.0,214063.0,181397.0,250918.0,269958.0,206815.0
2025-03-01,North West,E12000002,216425,3.5,9.1,14906.0,377108.0,234434.0,174581.0,147126.0,205509.0,221232.0,188704.0,257808.0,277944.0,214103.0
2025-04-01,North West,E12000002,201694,-6.8,1.6,5018.0,363434.0,221047.0,159015.0,133322.0,190143.0,206826.0,174317.0,243164.0,268145.0,199004.0
2025-05-01,North West,E12000002,207564,2.9,2.4,7542.0,369177.0,226998.0,165464.0,137007.0,195630.0,212867.0,179789.0,249484.0,269676.0,205155.0
2025-06-01,North West,E12000002,210342,1.3,4.1,8162.0,373651.0,229701.0,168469.0,138009.0,198655.0,215523.0,182259.0,252704.0,267412.0,208246.0
2025-07-01,North West,E12000002,212312,0.9,4.3,8852.0,377242.0,231896.0,169784.0,139726.0,200455.0,217570.0,184013.0,254980.0,276631.0,209803.0
2025-08-01,North West,E12000002,216018,1.7,4.2,9089.0,382182.0,236070.0,173492.0,141378.0,203948.0,221371.0,187355.0,259187.0,277552.0,213693.0
2025-09-01,North West,E12000002,214140,-0.9,3.0,8014.0,382212.0,234405.0,171560.0,138406.0,202231.0,219420.0,185275.0,257786.0,272524.0,211990.0
2025-10-01,North West,E12000002,215730,0.7,3.8,9063.0,383295.0,236204.0,173075.0,139868.0,203601.0,221111.0,187093.0,258864.0,285195.0,212944.0
2025-11-01,North West,E12000002,218336,1.2,4.8,7594.0,388564.0,238701.0,175306.0,141474.0,206318.0,223660.0,189176.0,262325.0,284916.0,215730.0
2025-12-01,North West,E12000002,216231,-1.0,4.0,7473.0,382167.0,236768.0,174122.0,140032.0,203976.0,221672.0,187770.0,259009.0,275795.0,214023.0
2026-01-01,North West,E12000002,215016,-0.6,3.4,5357.0,381088.0,236445.0,172486.0,138323.0,202621.0,220525.0,186320.0,258298.0,276554.0,212684.0
2026-02-01,North West,E12000002,216159,0.5,3.4,5607.0,383778.0,237211.0,173805.0,138629.0,203916.0,221602.0,187639.0,259355.0,283743.0,213546.0
2026-03-01,North West,E12000002,215408,-0.3,-0.5,5657.0,382721.0,236572.0,173255.0,137513.0,202838.0,220994.0,187033.0,258409.0,289739.0,212484.0
2026-04-01,North West,E12000002,216452,0.5,7.3,,383812.0,238239.0,173674.0,138664.0,203889.0,222036.0,187914.0,259687.0,,
2026-05-01,North West,E12000002,219506,1.4,5.8,,389304.0,241530.0,176402.0,140098.0,206921.0,225100.0,190317.0,263588.0,,
2021-01-01,Northern Ireland,N92000002,141087,1.1,5.9,2508.0,219466.0,140990.0,100843.0,108980.0,,,,,174333.0,138254.0
2021-02-01,Northern Ireland,N92000002,141087,1.1,5.9,2508.0,219466.0,140990.0,100843.0,108980.0,,,,,174333.0,138254.0
2021-03-01,Northern Ireland,N92000002,141087,1.1,5.9,2508.0,219466.0,140990.0,100843.0,108980.0,,,,,174333.0,138254.0
2021-04-01,Northern Ireland,N92000002,146044,3.5,9.6,2655.0,229090.0,144479.0,104521.0,113526.0,,,,,178499.0,143487.0
2021-05-01,Northern Ireland,N92000002,146044,3.5,9.6,2655.0,229090.0,144479.0,104521.0,113526.0,,,,,178499.0,143487.0
2021-06-01,Northern Ireland,N92000002,146044,3.5,9.6,2655.0,229090.0,144479.0,104521.0,113526.0,,,,,178499.0,143487.0
2021-07-01,Northern Ireland,N92000002,150563,3.1,10.7,2823.0,233463.0,149786.0,109836.0,112236.0,,,,,180604.0,148592.0
2021-08-01,Northern Ireland,N92000002,150563,3.1,10.7,2823.0,233463.0,149786.0,109836.0,112236.0,,,,,180604.0,148592.0
2021-09-01,Northern Ireland,N92000002,150563,3.1,10.7,2823.0,233463.0,149786.0,109836.0,112236.0,,,,,180604.0,148592.0
2021-10-01,Northern Ireland,N92000002,150539,0.0,7.9,2262.0,234345.0,150343.0,108807.0,111727.0,,,,,184072.0,147888.0
2021-11-01,Northern Ireland,N92000002,150539,0.0,7.9,2262.0,234345.0,150343.0,108807.0,111727.0,,,,,184072.0,147888.0
2021-12-01,Northern Ireland,N92000002,150539,0.0,7.9,2262.0,234345.0,150343.0,108807.0,111727.0,,,,,184072.0,147888.0
2022-01-01,Northern Ireland,N92000002,155086,3.0,9.9,1954.0,243518.0,154034.0,111070.0,117376.0,,,,,188527.0,152568.0
2022-02-01,Northern Ireland,N92000002,155086,3.0,9.9,1954.0,243518.0,154034.0,111070.0,117376.0,,,,,188527.0,152568.0
2022-03-01,Northern Ireland,N92000002,155086,3.0,9.9,1954.0,243518.0,154034.0,111070.0,117376.0,,,,,188527.0,152568.0
2022-04-01,Northern Ireland,N92000002,160214,3.3,9.7,2036.0,253870.0,159586.0,113318.0,120446.0,,,,,196478.0,157335.0
2022-05-01,Northern Ireland,N92000002,160214,3.3,9.7,2036.0,253870.0,159586.0,113318.0,120446.0,,,,,196478.0,157335.0
2022-06-01,Northern Ireland,N92000002,160214,3.3,9.7,2036.0,253870.0,159586.0,113318.0,120446.0,,,,,196478.0,157335.0
2022-07-01,Northern Ireland,N92000002,166363,3.8,10.5,2194.0,263766.0,165906.0,118091.0,122650.0,,,,,202562.0,163609.0
2022-08-01,Northern Ireland,N92000002,166363,3.8,10.5,2194.0,263766.0,165906.0,118091.0,122650.0,,,,,202562.0,163609.0
2022-09-01,Northern Ireland,N92000002,166363,3.8,10.5,2194.0,263766.0,165906.0,118091.0,122650.0,,,,,202562.0,163609.0
2022-10-01,Northern Ireland,N92000002,165729,-0.4,10.1,2249.0,261630.0,165609.0,118099.0,121607.0,,,,,203604.0,162694.0
2022-11-01,Northern Ireland,N92000002,165729,-0.4,10.1,2249.0,261630.0,165609.0,118099.0,121607.0,,,,,203604.0,162694.0
2022-12-01,Northern Ireland,N92000002,165729,-0.4,10.1,2249.0,261630.0,165609.0,118099.0,121607.0,,,,,203604.0,162694.0
2023-01-01,Northern Ireland,N92000002,162479,-2.0,4.8,1683.0,257937.0,162701.0,114675.0,119347.0,,,,,210650.0,157793.0
2023-02-01,Northern Ireland,N92000002,162479,-2.0,4.8,1683.0,257937.0,162701.0,114675.0,119347.0,,,,,210650.0,157793.0
2023-03-01,Northern Ireland,N92000002,162479,-2.0,4.8,1683.0,257937.0,162701.0,114675.0,119347.0,,,,,210650.0,157793.0
2023-04-01,Northern Ireland,N92000002,164587,1.3,2.7,1743.0,264029.0,164038.0,115139.0,122494.0,,,,,212523.0,159913.0
2023-05-01,Northern Ireland,N92000002,164587,1.3,2.7,1743.0,264029.0,164038.0,115139.0,122494.0,,,,,212523.0,159913.0
2023-06-01,Northern Ireland,N92000002,164587,1.3,2.7,1743.0,264029.0,164038.0,115139.0,122494.0,,,,,212523.0,159913.0
2023-07-01,Northern Ireland,N92000002,169726,3.1,2.0,1999.0,268960.0,168904.0,120336.0,126235.0,,,,,218130.0,164994.0
2023-08-01,Northern Ireland,N92000002,169726,3.1,2.0,1999.0,268960.0,168904.0,120336.0,126235.0,,,,,218130.0,164994.0
2023-09-01,Northern Ireland,N92000002,169726,3.1,2.0,1999.0,268960.0,168904.0,120336.0,126235.0,,,,,218130.0,164994.0
2023-10-01,Northern Ireland,N92000002,168157,-0.9,1.5,1914.0,266549.0,168484.0,118341.0,125075.0,,,,,218724.0,163247.0
2023-11-01,Northern Ireland,N92000002,168157,-0.9,1.5,1914.0,266549.0,168484.0,118341.0,125075.0,,,,,218724.0,163247.0
2023-12-01,Northern Ireland,N92000002,168157,-0.9,1.5,1914.0,266549.0,168484.0,118341.0,125075.0,,,,,218724.0,163247.0
2024-01-01,Northern Ireland,N92000002,169060,0.5,4.1,1616.0,266222.0,170258.0,118801.0,126740.0,,,,,221677.0,163975.0
2024-02-01,Northern Ireland,N92000002,169060,0.5,4.1,1616.0,266222.0,170258.0,118801.0,126740.0,,,,,221677.0,163975.0
2024-03-01,Northern Ireland,N92000002,169060,0.5,4.1,1616.0,266222.0,170258.0,118801.0,126740.0,,,,,221677.0,163975.0
2024-04-01,Northern Ireland,N92000002,175418,3.8,6.6,1838.0,275120.0,175188.0,124843.0,132003.0,,,,,234587.0,169628.0
2024-05-01,Northern Ireland,N92000002,175418,3.8,6.6,1838.0,275120.0,175188.0,124843.0,132003.0,,,,,234587.0,169628.0
2024-06-01,Northern Ireland,N92000002,175418,3.8,6.6,1838.0,275120.0,175188.0,124843.0,132003.0,,,,,234587.0,169628.0
2024-07-01,Northern Ireland,N92000002,180467,2.9,6.3,2152.0,284601.0,180221.0,129294.0,130568.0,,,,,236269.0,175080.0
2024-08-01,Northern Ireland,N92000002,180467,2.9,6.3,2152.0,284601.0,180221.0,129294.0,130568.0,,,,,236269.0,175080.0
2024-09-01,Northern Ireland,N92000002,180467,2.9,6.3,2152.0,284601.0,180221.0,129294.0,130568.0,,,,,236269.0,175080.0
2024-10-01,Northern Ireland,N92000002,182320,1.0,8.4,2273.0,285346.0,183133.0,129680.0,135445.0,,,,,235040.0,177297.0
2024-11-01,Northern Ireland,N92000002,182320,1.0,8.4,2273.0,285346.0,183133.0,129680.0,135445.0,,,,,235040.0,177297.0
2024-12-01,Northern Ireland,N92000002,182320,1.0,8.4,2273.0,285346.0,183133.0,129680.0,135445.0,,,,,235040.0,177297.0
2025-01-01,Northern Ireland,N92000002,184322,1.1,9.0,2199.0,287113.0,184701.0,131703.0,138289.0,,,,,239407.0,179038.0
2025-02-01,Northern Ireland,N92000002,184322,1.1,9.0,2199.0,287113.0,184701.0,131703.0,138289.0,,,,,239407.0,179038.0
2025-03-01,Northern Ireland,N92000002,184322,1.1,9.0,2199.0,287113.0,184701.0,131703.0,138289.0,,,,,239407.0,179038.0
2025-04-01,Northern Ireland,N92000002,185455,0.6,5.7,1637.0,288313.0,185198.0,132963.0,140411.0,,,,,242644.0,179922.0
2025-05-01,Northern Ireland,N92000002,185455,0.6,5.7,1637.0,288313.0,185198.0,132963.0,140411.0,,,,,242644.0,179922.0
2025-06-01,Northern Ireland,N92000002,185455,0.6,5.7,1637.0,288313.0,185198.0,132963.0,140411.0,,,,,242644.0,179922.0
2025-07-01,Northern Ireland,N92000002,193080,4.1,7.0,2088.0,300201.0,192754.0,139747.0,141994.0,,,,,244554.0,188326.0
2025-08-01,Northern Ireland,N92000002,193080,4.1,7.0,2088.0,300201.0,192754.0,139747.0,141994.0,,,,,244554.0,188326.0
2025-09-01,Northern Ireland,N92000002,193080,4.1,7.0,2088.0,300201.0,192754.0,139747.0,141994.0,,,,,244554.0,188326.0
2025-10-01,Northern Ireland,N92000002,195111,1.1,7.0,2240.0,303581.0,197374.0,140028.0,139785.0,,,,,248787.0,190096.0
2025-11-01,Northern Ireland,N92000002,195111,1.1,7.0,2240.0,303581.0,197374.0,140028.0,139785.0,,,,,248787.0,190096.0
2025-12-01,Northern Ireland,N92000002,195111,1.1,7.0,2240.0,303581.0,197374.0,140028.0,139785.0,,,,,248787.0,190096.0
2026-01-01,Northern Ireland,N92000002,198015,1.5,7.4,1670.0,306297.0,201256.0,142840.0,139882.0,,,,,249899.0,193254.0
2026-02-01,Northern Ireland,N92000002,198015,1.5,7.4,1670.0,306297.0,201256.0,142840.0,139882.0,,,,,249899.0,193254.0
2026-03-01,Northern Ireland,N92000002,198015,1.5,7.4,1670.0,306297.0,201256.0,142840.0,139882.0,,,,,249899.0,193254.0
2026-04-01,Northern Ireland,N92000002,198015,1.5,7.4,,306297.0,201256.0,142840.0,139882.0,,,,,,
2026-05-01,Northern Ireland,N92000002,198015,1.5,7.4,,306297.0,201256.0,142840.0,139882.0,,,,,,
2021-01-01,Scotland,S92000003,157866,1.0,6.9,7762.0,283617.0,173483.0,140957.0,117450.0,147944.0,162964.0,130148.0,196415.0,235752.0,149653.0
2021-02-01,Scotland,S92000003,155612,-1.4,8.1,7351.0,282995.0,171285.0,139533.0,114378.0,145031.0,161045.0,127914.0,194132.0,237760.0,147069.0
2021-03-01,Scotland,S92000003,160963,3.4,11.0,12235.0,290153.0,177842.0,144782.0,118584.0,150185.0,166498.0,132527.0,200510.0,245455.0,152165.0
2021-04-01,Scotland,S92000003,154719,-3.9,5.9,7216.0,279681.0,169157.0,138724.0,114624.0,143963.0,160242.0,127549.0,192507.0,241228.0,145832.0
2021-05-01,Scotland,S92000003,161935,4.7,10.0,8751.0,292347.0,178649.0,145633.0,119278.0,150656.0,167726.0,133614.0,201323.0,247360.0,153049.0
2021-06-01,Scotland,S92000003,165261,2.1,10.6,11184.0,297517.0,180198.0,149520.0,122272.0,154705.0,170684.0,136161.0,205732.0,243763.0,156921.0
2021-07-01,Scotland,S92000003,168799,2.1,13.5,10985.0,308678.0,187543.0,151260.0,123024.0,156709.0,175006.0,138582.0,210824.0,267191.0,158784.0
2021-08-01,Scotland,S92000003,170669,1.1,14.6,9999.0,307829.0,188996.0,153118.0,125731.0,158970.0,176676.0,140629.0,212447.0,254513.0,161820.0
2021-09-01,Scotland,S92000003,170829,0.1,10.5,9506.0,310887.0,188587.0,153699.0,125040.0,159562.0,176617.0,140323.0,213256.0,254713.0,161976.0
2021-10-01,Scotland,S92000003,170955,0.1,9.0,10474.0,315033.0,189389.0,152163.0,124633.0,159789.0,176690.0,140447.0,213384.0,254214.0,162153.0
2021-11-01,Scotland,S92000003,172873,1.1,9.5,9617.0,318321.0,191356.0,153947.0,126117.0,161707.0,178609.0,141654.0,216293.0,260450.0,163688.0
2021-12-01,Scotland,S92000003,169213,-2.1,8.3,8942.0,311950.0,187448.0,151933.0,122662.0,158246.0,174847.0,138774.0,211548.0,248230.0,160791.0
2022-01-01,Scotland,S92000003,173589,2.6,10.0,7340.0,321308.0,192226.0,154380.0,126251.0,162187.0,179445.0,141996.0,217532.0,259434.0,164541.0
2022-02-01,Scotland,S92000003,170905,-1.5,9.8,6563.0,315641.0,189940.0,152412.0,124062.0,159194.0,176918.0,140003.0,213901.0,261852.0,161573.0
2022-03-01,Scotland,S92000003,171510,0.4,6.6,8199.0,318609.0,190920.0,153880.0,123489.0,159581.0,177635.0,140390.0,214802.0,262172.0,162184.0
2022-04-01,Scotland,S92000003,175109,2.1,13.2,8700.0,324484.0,194107.0,157391.0,126416.0,163154.0,181248.0,143376.0,219257.0,264165.0,165819.0
2022-05-01,Scotland,S92000003,177326,1.3,9.5,8598.0,324575.0,197715.0,159502.0,128636.0,165466.0,183416.0,145876.0,221121.0,263446.0,168189.0
2022-06-01,Scotland,S92000003,181120,2.1,9.6,8695.0,337711.0,200571.0,162710.0,130322.0,168492.0,187602.0,147636.0,227667.0,273861.0,171468.0
2022-07-01,Scotland,S92000003,182979,1.0,8.4,9637.0,332818.0,203732.0,165425.0,132988.0,170833.0,189217.0,150451.0,228271.0,273063.0,173469.0
2022-08-01,Scotland,S92000003,183378,0.2,7.4,9563.0,334855.0,204418.0,166349.0,132594.0,171072.0,189698.0,150645.0,228947.0,272113.0,173952.0
2022-09-01,Scotland,S92000003,181639,-0.9,6.3,10127.0,334063.0,202735.0,164751.0,130645.0,169400.0,187924.0,149033.0,227019.0,269250.0,172321.0
2022-10-01,Scotland,S92000003,182341,0.4,6.7,9191.0,338184.0,202966.0,164286.0,131108.0,170235.0,188559.0,149336.0,228259.0,270901.0,172946.0
2022-11-01,Scotland,S92000003,180523,-1.0,4.4,9081.0,334999.0,202128.0,163503.0,128986.0,168223.0,186839.0,147861.0,225966.0,273223.0,170886.0
2022-12-01,Scotland,S92000003,175560,-2.7,3.8,7906.0,326649.0,195573.0,158766.0,125644.0,163579.0,181711.0,143700.0,219880.0,262312.0,166414.0
2023-01-01,Scotland,S92000003,175092,-0.3,0.9,5920.0,327475.0,196387.0,157066.0,125055.0,163415.0,181089.0,142958.0,219774.0,271953.0,165292.0
2023-02-01,Scotland,S92000003,171282,-2.2,0.2,5472.0,320996.0,191751.0,153722.0,122268.0,159377.0,177410.0,139919.0,214869.0,270288.0,161361.0
2023-03-01,Scotland,S92000003,173352,1.2,1.1,8146.0,325091.0,194875.0,155199.0,123639.0,161180.0,179621.0,141701.0,217308.0,277784.0,162983.0
2023-04-01,Scotland,S92000003,175512,1.2,0.2,7038.0,324883.0,198024.0,157902.0,125544.0,163222.0,181841.0,143780.0,219479.0,279492.0,165149.0
2023-05-01,Scotland,S92000003,179854,2.5,1.4,7673.0,330422.0,199834.0,161158.0,130347.0,167496.0,186210.0,147667.0,224345.0,284288.0,169398.0
2023-06-01,Scotland,S92000003,177705,-1.2,-1.9,9380.0,323540.0,197691.0,160855.0,128648.0,165501.0,183982.0,146411.0,220801.0,271509.0,168120.0
2023-07-01,Scotland,S92000003,181013,1.9,-1.1,8211.0,329569.0,202506.0,163432.0,130900.0,168364.0,187525.0,148768.0,225535.0,283967.0,170659.0
2023-08-01,Scotland,S92000003,182593,0.9,-0.4,8415.0,334472.0,202954.0,164782.0,132011.0,169889.0,189132.0,149919.0,227757.0,283339.0,172395.0
2023-09-01,Scotland,S92000003,180364,-1.2,-0.7,8495.0,332691.0,200391.0,162792.0,129915.0,167900.0,186777.0,147981.0,225158.0,279588.0,170313.0
2023-10-01,Scotland,S92000003,180051,-0.2,-1.3,7829.0,332207.0,202918.0,163222.0,128550.0,167384.0,186575.0,147281.0,225527.0,284895.0,169561.0
2023-11-01,Scotland,S92000003,179184,-0.5,-0.7,7999.0,332210.0,201211.0,161447.0,128220.0,166039.0,185971.0,146508.0,224550.0,287568.0,168432.0
2023-12-01,Scotland,S92000003,176538,-1.5,0.6,7227.0,325252.0,197483.0,158738.0,127123.0,164285.0,182845.0,145060.0,220013.0,274773.0,166612.0
2024-01-01,Scotland,S92000003,179248,1.5,2.4,6139.0,331181.0,201092.0,162184.0,128270.0,166649.0,185736.0,146741.0,224319.0,285926.0,168626.0
2024-02-01,Scotland,S92000003,175883,-1.9,2.7,5541.0,323968.0,197348.0,158960.0,126160.0,163290.0,182396.0,144184.0,219787.0,281508.0,165388.0
2024-03-01,Scotland,S92000003,177778,1.1,2.6,7797.0,324329.0,197510.0,159998.0,129144.0,165571.0,184030.0,146237.0,221346.0,282025.0,167364.0
2024-04-01,Scotland,S92000003,180647,1.6,2.9,7770.0,324826.0,202544.0,164174.0,131069.0,167667.0,187366.0,148962.0,224329.0,284042.0,170262.0
2024-05-01,Scotland,S92000003,180418,-0.1,0.3,9125.0,327159.0,201723.0,163102.0,130810.0,168145.0,186689.0,148683.0,224188.0,283364.0,170071.0
2024-06-01,Scotland,S92000003,181219,0.4,2.0,8607.0,326897.0,201912.0,165405.0,131312.0,168600.0,187704.0,149726.0,224572.0,277385.0,171403.0
2024-07-01,Scotland,S92000003,185882,2.6,2.7,8758.0,334937.0,208389.0,169699.0,134370.0,172745.0,192656.0,153146.0,231044.0,291076.0,175290.0
2024-08-01,Scotland,S92000003,186285,0.2,2.0,9989.0,337549.0,208047.0,170312.0,134352.0,172900.0,193214.0,153395.0,231680.0,289666.0,175832.0
2024-09-01,Scotland,S92000003,184496,-1.0,2.3,8483.0,337131.0,207330.0,167834.0,132385.0,171532.0,191172.0,151714.0,229788.0,288400.0,174023.0
2024-10-01,Scotland,S92000003,185664,0.6,3.1,9393.0,337231.0,207443.0,169028.0,134003.0,172572.0,192413.0,152897.0,230887.0,292389.0,174956.0
2024-11-01,Scotland,S92000003,184775,-0.5,3.1,9593.0,338573.0,207970.0,168092.0,132270.0,171479.0,191660.0,151985.0,230068.0,290436.0,174161.0
2024-12-01,Scotland,S92000003,181800,-1.6,3.0,7551.0,336245.0,204003.0,165732.0,129461.0,168537.0,188690.0,149293.0,226762.0,288216.0,171165.0
2025-01-01,Scotland,S92000003,185315,1.9,3.4,6911.0,341869.0,208615.0,169335.0,131791.0,171654.0,192428.0,151866.0,231655.0,301751.0,173866.0
2025-02-01,Scotland,S92000003,182421,-1.6,3.7,6186.0,334689.0,204397.0,167262.0,130189.0,168695.0,189585.0,149829.0,227413.0,296076.0,171210.0
2025-03-01,Scotland,S92000003,183642,0.7,3.3,7636.0,329915.0,205626.0,169088.0,132432.0,170245.0,190610.0,151822.0,227105.0,292457.0,172703.0
2025-04-01,Scotland,S92000003,186736,1.7,3.4,7718.0,341236.0,210909.0,169564.0,133801.0,173206.0,193768.0,153618.0,232337.0,307571.0,174986.0
2025-05-01,Scotland,S92000003,187312,0.3,3.8,8999.0,345219.0,210540.0,170949.0,133470.0,173456.0,194530.0,153520.0,234119.0,303841.0,175811.0
2025-06-01,Scotland,S92000003,190870,1.9,5.3,9584.0,349419.0,215048.0,174755.0,136161.0,176592.0,198317.0,156518.0,238414.0,302467.0,179595.0
2025-07-01,Scotland,S92000003,191916,0.5,3.2,9282.0,353190.0,216597.0,176103.0,136213.0,177124.0,199657.0,157077.0,240280.0,313224.0,180015.0
2025-08-01,Scotland,S92000003,192673,0.4,3.4,10138.0,357089.0,218401.0,176767.0,135928.0,178386.0,200117.0,157343.0,241892.0,309578.0,181025.0
2025-09-01,Scotland,S92000003,193278,0.3,4.8,9261.0,360256.0,218597.0,177732.0,135866.0,178582.0,200956.0,157493.0,243302.0,310023.0,181626.0
2025-10-01,Scotland,S92000003,193410,0.1,4.2,10250.0,361230.0,219904.0,177482.0,135625.0,178758.0,201062.0,157777.0,243132.0,319391.0,181190.0
2025-11-01,Scotland,S92000003,193375,0.0,4.7,9100.0,358281.0,219236.0,178308.0,136063.0,178919.0,200914.0,158031.0,242556.0,316113.0,181352.0
2025-12-01,Scotland,S92000003,189360,-2.1,4.2,8113.0,350596.0,214607.0,174524.0,133349.0,175332.0,196668.0,154984.0,237081.0,303211.0,177977.0
2026-01-01,Scotland,S92000003,189014,-0.2,2.0,7012.0,351461.0,214520.0,174187.0,132691.0,174467.0,196625.0,154050.0,237875.0,307528.0,177351.0
2026-02-01,Scotland,S92000003,188315,-0.4,3.2,6225.0,351491.0,215294.0,173696.0,131385.0,174145.0,195732.0,153471.0,237005.0,310018.0,176480.0
2026-03-01,Scotland,S92000003,188506,0.1,2.6,7655.0,352388.0,215278.0,174641.0,131147.0,174152.0,196017.0,153895.0,236994.0,318371.0,176188.0
2026-04-01,Scotland,S92000003,192642,2.2,3.2,,358435.0,218719.0,177178.0,135310.0,177846.0,200383.0,157424.0,242050.0,,
2026-05-01,Scotland,S92000003,195543,1.5,4.4,,369160.0,224519.0,180534.0,135153.0,180158.0,203590.0,158895.0,246540.0,,
2021-01-01,South East,E12000008,337566,-0.8,4.1,13837.0,599908.0,357948.0,281519.0,202631.0,334860.0,338602.0,267812.0,419435.0,397883.0,334539.0
2021-02-01,South East,E12000008,337619,0.0,5.3,17351.0,596623.0,357299.0,282643.0,203888.0,334543.0,338784.0,268714.0,418326.0,401367.0,334236.0
2021-03-01,South East,E12000008,342322,1.4,5.1,25948.0,603304.0,361547.0,287046.0,207679.0,339713.0,343326.0,272561.0,424012.0,410639.0,338512.0
2021-04-01,South East,E12000008,339163,-0.9,3.5,15234.0,600584.0,358521.0,283707.0,204736.0,335812.0,340423.0,270144.0,419965.0,412453.0,334818.0
2021-05-01,South East,E12000008,340283,0.3,5.3,12933.0,604760.0,360254.0,284524.0,204016.0,336922.0,341548.0,270469.0,422126.0,407199.0,336598.0
2021-06-01,South East,E12000008,354769,4.3,9.3,33565.0,623780.0,373108.0,300693.0,214253.0,352821.0,355549.0,282700.0,439119.0,408618.0,352600.0
2021-07-01,South East,E12000008,339769,-4.2,3.5,7150.0,606487.0,360891.0,281896.0,203528.0,336386.0,341041.0,270046.0,421509.0,418929.0,334841.0
2021-08-01,South East,E12000008,350795,3.2,5.7,12083.0,632310.0,373099.0,291652.0,206238.0,347874.0,351910.0,276948.0,437747.0,408502.0,348175.0
2021-09-01,South East,E12000008,361613,3.1,8.1,22779.0,641515.0,383013.0,304379.0,215397.0,359445.0,362471.0,287312.0,448737.0,418383.0,359201.0
2021-10-01,South East,E12000008,354140,-2.1,5.7,9147.0,646266.0,375966.0,292137.0,207055.0,350444.0,355525.0,278793.0,443025.0,412602.0,351473.0
2021-11-01,South East,E12000008,360386,1.8,6.2,11737.0,653464.0,383665.0,298600.0,210699.0,357449.0,361509.0,284020.0,450407.0,424594.0,357175.0
2021-12-01,South East,E12000008,362713,0.6,6.6,13274.0,653791.0,384041.0,303470.0,212824.0,360321.0,363648.0,286490.0,452434.0,412709.0,361042.0
2022-01-01,South East,E12000008,368184,1.5,9.1,10349.0,664988.0,392925.0,306991.0,214051.0,365705.0,369151.0,290431.0,459784.0,425750.0,365753.0
2022-02-01,South East,E12000008,367655,-0.1,8.9,11495.0,661325.0,391287.0,305857.0,216986.0,364838.0,368747.0,291010.0,458083.0,437391.0,364746.0
2022-03-01,South East,E12000008,369755,0.6,8.0,13520.0,666476.0,394378.0,308496.0,215722.0,366261.0,371098.0,292226.0,461165.0,437257.0,366931.0
2022-04-01,South East,E12000008,370658,0.2,9.3,12107.0,666622.0,394237.0,311306.0,215850.0,367512.0,371873.0,293187.0,462034.0,430335.0,368142.0
2022-05-01,South East,E12000008,376100,1.5,10.5,11754.0,675810.0,401526.0,314907.0,219107.0,372350.0,377539.0,297060.0,469267.0,433132.0,373687.0
2022-06-01,South East,E12000008,380603,1.2,7.3,12515.0,680221.0,404700.0,320093.0,223761.0,376873.0,382035.0,301659.0,473798.0,437660.0,378188.0
2022-07-01,South East,E12000008,387054,1.7,13.9,13367.0,695483.0,414043.0,325768.0,223000.0,383278.0,388504.0,305518.0,483138.0,448358.0,384467.0
2022-08-01,South East,E12000008,390701,0.9,11.4,14298.0,702106.0,417430.0,329536.0,224764.0,386908.0,392158.0,308065.0,488038.0,448697.0,388245.0
2022-09-01,South East,E12000008,391553,0.2,8.3,14254.0,705354.0,417867.0,329789.0,225170.0,387448.0,393127.0,308753.0,489086.0,447303.0,389188.0
2022-10-01,South East,E12000008,391862,0.1,10.7,13738.0,706182.0,418595.0,329647.0,225277.0,388321.0,393225.0,309303.0,489149.0,449207.0,389432.0
2022-11-01,South East,E12000008,389960,-0.5,8.2,13867.0,702624.0,416368.0,327945.0,224530.0,385869.0,391528.0,307868.0,486707.0,455487.0,387204.0
2022-12-01,South East,E12000008,388158,-0.5,7.0,12716.0,694277.0,413908.0,327516.0,225728.0,383619.0,389893.0,307509.0,483349.0,443966.0,385791.0
2023-01-01,South East,E12000008,387727,-0.1,5.3,8853.0,699421.0,416099.0,325143.0,221968.0,383252.0,389438.0,305933.0,484099.0,465146.0,384510.0
2023-02-01,South East,E12000008,383401,-1.1,4.3,8634.0,694313.0,409608.0,320617.0,220256.0,379324.0,384958.0,302473.0,478767.0,466655.0,379968.0
2023-03-01,South East,E12000008,380362,-0.8,2.9,9788.0,690727.0,407910.0,315963.0,218552.0,375579.0,382191.0,299866.0,475282.0,471538.0,376639.0
2023-04-01,South East,E12000008,379543,-0.2,2.4,6980.0,690055.0,406532.0,315559.0,217859.0,376615.0,380659.0,298880.0,474767.0,470173.0,375841.0
2023-05-01,South East,E12000008,377989,-0.4,0.5,7536.0,679968.0,403834.0,316300.0,218654.0,373892.0,379555.0,298747.0,471205.0,463008.0,374496.0
2023-06-01,South East,E12000008,377848,0.0,-0.7,9476.0,681167.0,403419.0,317632.0,217071.0,373872.0,379366.0,298061.0,471879.0,446863.0,374957.0
2023-07-01,South East,E12000008,381968,1.1,-1.3,8874.0,689932.0,410722.0,320784.0,217525.0,377212.0,383786.0,300784.0,477808.0,469307.0,378384.0
2023-08-01,South East,E12000008,381601,-0.1,-2.3,10317.0,690742.0,408987.0,321453.0,216803.0,376887.0,383403.0,300366.0,477539.0,460576.0,378329.0
2023-09-01,South East,E12000008,379338,-0.6,-3.1,9965.0,684343.0,405959.0,319284.0,216897.0,374294.0,381268.0,299160.0,473853.0,455757.0,376164.0
2023-10-01,South East,E12000008,377965,-0.4,-3.5,9720.0,678099.0,405294.0,317414.0,217582.0,373099.0,379826.0,298628.0,471323.0,464851.0,374402.0
2023-11-01,South East,E12000008,375344,-0.7,-3.7,9297.0,680019.0,402546.0,313373.0,215023.0,371098.0,376967.0,295704.0,469320.0,464988.0,371683.0
2023-12-01,South East,E12000008,367572,-2.1,-5.3,8880.0,660059.0,393624.0,308099.0,212129.0,362576.0,369484.0,290569.0,458136.0,444025.0,364406.0
2024-01-01,South East,E12000008,369326,0.5,-4.7,7290.0,666313.0,395946.0,310284.0,211195.0,363860.0,371419.0,291204.0,461436.0,460994.0,365597.0
2024-02-01,South East,E12000008,367789,-0.4,-4.1,7996.0,658878.0,395126.0,309231.0,211415.0,362304.0,369893.0,290804.0,458333.0,456713.0,364170.0
2024-03-01,South East,E12000008,366875,-0.2,-3.5,9392.0,658959.0,391262.0,307626.0,212773.0,362060.0,368674.0,289888.0,457474.0,455663.0,363261.0
2024-04-01,South East,E12000008,369214,0.6,-2.7,8419.0,660325.0,395447.0,310321.0,213547.0,363512.0,371415.0,291914.0,460132.0,452456.0,365822.0
2024-05-01,South East,E12000008,372808,1.0,-1.4,10212.0,666393.0,399370.0,313694.0,215434.0,367547.0,374804.0,295126.0,464073.0,460336.0,369243.0
2024-06-01,South East,E12000008,373083,0.1,-1.3,9754.0,665533.0,398359.0,315473.0,215735.0,367425.0,375260.0,295492.0,464200.0,445603.0,370131.0
2024-07-01,South East,E12000008,377066,1.1,-1.3,11410.0,674548.0,405063.0,319777.0,214946.0,370665.0,379580.0,297992.0,470109.0,463088.0,373562.0
2024-08-01,South East,E12000008,381897,1.3,0.1,12343.0,684703.0,410110.0,323595.0,217421.0,375646.0,384337.0,301605.0,476430.0,462710.0,378604.0
2024-09-01,South East,E12000008,380519,-0.4,0.3,10969.0,688500.0,408814.0,320447.0,215662.0,374540.0,382835.0,299814.0,475736.0,463370.0,377143.0
2024-10-01,South East,E12000008,381155,0.2,0.8,12745.0,684787.0,407526.0,321575.0,218709.0,375899.0,383139.0,301227.0,475198.0,469986.0,377537.0
2024-11-01,South East,E12000008,377413,-1.0,0.6,12058.0,677782.0,407142.0,318819.0,214023.0,370351.0,380229.0,298454.0,470265.0,463429.0,373908.0
2024-12-01,South East,E12000008,378958,0.4,3.1,11143.0,685745.0,406818.0,319899.0,214348.0,372672.0,381417.0,299200.0,472885.0,466742.0,375383.0
2025-01-01,South East,E12000008,381267,0.6,3.2,9853.0,687755.0,411684.0,322611.0,214368.0,373406.0,384447.0,300993.0,475809.0,485902.0,377025.0
2025-02-01,South East,E12000008,380137,-0.3,3.4,10981.0,683084.0,409105.0,322303.0,215245.0,372880.0,383068.0,300610.0,473598.0,480123.0,376151.0
2025-03-01,South East,E12000008,381452,0.3,4.0,22129.0,672379.0,408311.0,325375.0,221597.0,374294.0,384342.0,303979.0,471605.0,481667.0,377459.0
2025-04-01,South East,E12000008,375519,-1.6,1.7,4901.0,687838.0,406788.0,314681.0,208404.0,366683.0,379106.0,294399.0,471902.0,485907.0,370936.0
2025-05-01,South East,E12000008,376656,0.3,1.0,8277.0,679912.0,406585.0,318986.0,211435.0,368434.0,379988.0,296712.0,471068.0,481453.0,372386.0
2025-06-01,South East,E12000008,379470,0.7,1.7,10217.0,684131.0,409560.0,321178.0,213572.0,371845.0,382553.0,298951.0,474553.0,475522.0,375703.0
2025-07-01,South East,E12000008,380714,0.3,1.0,11344.0,686793.0,411820.0,322482.0,213274.0,373247.0,383731.0,299937.0,476098.0,487321.0,376360.0
2025-08-01,South East,E12000008,384256,0.9,0.6,11839.0,691386.0,416964.0,326311.0,214465.0,376442.0,387416.0,302859.0,480319.0,486051.0,380185.0
2025-09-01,South East,E12000008,381713,-0.7,0.3,10076.0,690317.0,413840.0,324740.0,211361.0,374382.0,384674.0,300222.0,478143.0,478706.0,377903.0
2025-10-01,South East,E12000008,385311,0.9,1.1,11444.0,695975.0,419419.0,326672.0,213492.0,376774.0,388772.0,303463.0,482000.0,504287.0,380297.0
2025-11-01,South East,E12000008,381236,-1.1,1.0,9947.0,690524.0,414140.0,324373.0,210088.0,373225.0,384479.0,299845.0,477549.0,491004.0,376710.0
2025-12-01,South East,E12000008,377396,-1.0,-0.4,9398.0,681105.0,409610.0,321420.0,208973.0,368995.0,380801.0,297509.0,471653.0,478276.0,373347.0
2026-01-01,South East,E12000008,379535,0.6,-0.5,7090.0,684988.0,414017.0,323866.0,208287.0,370902.0,383037.0,298722.0,475079.0,486613.0,375150.0
2026-02-01,South East,E12000008,378045,-0.4,-0.6,6917.0,684210.0,412676.0,320685.0,208017.0,369713.0,381429.0,297884.0,472905.0,489555.0,373472.0
2026-03-01,South East,E12000008,379182,0.3,-0.6,7254.0,684837.0,414537.0,323389.0,207397.0,370190.0,382824.0,298855.0,474257.0,503837.0,374060.0
2026-04-01,South East,E12000008,378188,-0.3,0.7,,681046.0,413080.0,322076.0,208357.0,368913.0,381941.0,298578.0,472547.0,,
2026-05-01,South East,E12000008,381311,0.8,1.2,,688735.0,417804.0,324005.0,208868.0,372764.0,384779.0,300441.0,477005.0,,
2021-01-01,South West,E12000009,263614,-1.2,6.1,8374.0,429927.0,272891.0,225554.0,165251.0,270582.0,259883.0,217617.0,315377.0,310412.0,261566.0
2021-02-01,South West,E12000009,264702,0.4,7.0,10920.0,430732.0,273484.0,226890.0,166628.0,271810.0,260905.0,219032.0,316031.0,314503.0,262399.0
2021-03-01,South West,E12000009,268671,1.5,7.3,15555.0,434737.0,276915.0,230811.0,170921.0,275531.0,264980.0,222507.0,320532.0,321993.0,266093.0
2021-04-01,South West,E12000009,265562,-1.2,7.3,10061.0,432529.0,273888.0,227716.0,167214.0,272098.0,262028.0,219989.0,316753.0,323711.0,262549.0
2021-05-01,South West,E12000009,262927,-1.0,6.3,8283.0,429124.0,272257.0,225472.0,163886.0,269192.0,259524.0,217383.0,314139.0,314940.0,260420.0
2021-06-01,South West,E12000009,281947,7.2,12.6,19196.0,456018.0,288773.0,244189.0,178731.0,290533.0,277435.0,233648.0,336189.0,324018.0,280468.0
2021-07-01,South West,E12000009,258746,-8.2,1.7,5738.0,420511.0,269663.0,221310.0,161731.0,264048.0,255798.0,214530.0,308390.0,319887.0,255434.0
2021-08-01,South West,E12000009,272401,5.3,6.4,8309.0,448281.0,282945.0,232629.0,167531.0,279407.0,268636.0,224292.0,326617.0,317158.0,270604.0
2021-09-01,South West,E12000009,283935,4.2,9.1,15878.0,463314.0,293400.0,244346.0,176537.0,292199.0,279567.0,234685.0,339321.0,329544.0,282154.0
2021-10-01,South West,E12000009,276090,-2.8,5.3,5759.0,461620.0,286185.0,234118.0,167266.0,283790.0,271997.0,226079.0,332623.0,323125.0,274120.0
2021-11-01,South West,E12000009,284105,2.9,7.7,7896.0,471456.0,295410.0,241661.0,172875.0,292153.0,279837.0,233002.0,341823.0,335622.0,281803.0
2021-12-01,South West,E12000009,285237,0.4,6.9,9005.0,472131.0,294199.0,243878.0,175005.0,293555.0,280842.0,234444.0,342534.0,325380.0,283961.0
2022-01-01,South West,E12000009,291018,2.0,10.4,6560.0,480859.0,302503.0,248512.0,177426.0,298791.0,286862.0,239350.0,349280.0,336422.0,289313.0
2022-02-01,South West,E12000009,291034,0.0,9.9,7510.0,480246.0,302137.0,248103.0,178838.0,299203.0,286672.0,239810.0,348875.0,348459.0,288901.0
2022-03-01,South West,E12000009,291647,0.2,8.6,8640.0,481903.0,303776.0,248937.0,177401.0,297719.0,288384.0,239982.0,349927.0,346786.0,289594.0
2022-04-01,South West,E12000009,296983,1.8,11.8,7783.0,489073.0,307652.0,255305.0,181096.0,304720.0,292846.0,244710.0,356010.0,346046.0,295145.0
2022-05-01,South West,E12000009,301875,1.6,14.8,7751.0,496439.0,314364.0,259315.0,183408.0,309544.0,297771.0,248577.0,362029.0,349702.0,300080.0
2022-06-01,South West,E12000009,299771,-0.7,6.3,8145.0,492592.0,311994.0,257362.0,182785.0,305989.0,296430.0,247203.0,359165.0,348396.0,297949.0
2022-07-01,South West,E12000009,309032,3.1,19.4,8500.0,508006.0,323174.0,266328.0,185615.0,315257.0,305685.0,254256.0,370816.0,360477.0,307105.0
2022-08-01,South West,E12000009,314238,1.7,15.4,8865.0,518122.0,326467.0,271459.0,188598.0,323182.0,309465.0,258134.0,377449.0,362698.0,312418.0
2022-09-01,South West,E12000009,314370,0.0,10.7,9058.0,518642.0,327651.0,270526.0,188853.0,320850.0,310887.0,258366.0,377490.0,360867.0,312622.0
2022-10-01,South West,E12000009,313800,-0.2,13.7,8820.0,518916.0,327017.0,269526.0,188250.0,320720.0,310085.0,257939.0,376764.0,361565.0,312005.0
2022-11-01,South West,E12000009,313892,0.0,10.5,8875.0,518966.0,326664.0,270028.0,188239.0,322100.0,309502.0,258015.0,376875.0,366427.0,311924.0
2022-12-01,South West,E12000009,308957,-1.6,8.3,8684.0,506999.0,321115.0,266163.0,188141.0,315999.0,305180.0,255061.0,369904.0,353291.0,307289.0
2023-01-01,South West,E12000009,309102,0.0,6.2,5719.0,512852.0,324264.0,264340.0,183724.0,315066.0,305893.0,253669.0,371515.0,375253.0,306657.0
2023-02-01,South West,E12000009,306826,-0.7,5.4,5738.0,509451.0,320199.0,261947.0,183690.0,313047.0,303480.0,252075.0,368405.0,375953.0,304283.0
2023-03-01,South West,E12000009,303206,-1.2,4.0,6565.0,504191.0,317279.0,257631.0,181816.0,309959.0,299580.0,249029.0,364157.0,376792.0,300520.0
2023-04-01,South West,E12000009,302791,-0.1,2.0,4645.0,502958.0,317673.0,258166.0,180431.0,308897.0,299507.0,248462.0,363966.0,376819.0,300091.0
2023-05-01,South West,E12000009,302199,-0.2,0.1,5027.0,498098.0,315640.0,258127.0,182425.0,308133.0,299006.0,248647.0,362342.0,372795.0,299612.0
2023-06-01,South West,E12000009,300808,-0.5,0.3,6526.0,496941.0,313988.0,258206.0,179909.0,307525.0,297201.0,247083.0,361245.0,358717.0,298647.0
2023-07-01,South West,E12000009,306036,1.7,-1.0,6084.0,504856.0,321470.0,263309.0,181507.0,312136.0,302755.0,251104.0,367897.0,375747.0,303475.0
2023-08-01,South West,E12000009,307132,0.4,-2.3,7051.0,508033.0,321950.0,264945.0,181248.0,313122.0,303909.0,251846.0,369428.0,373717.0,304674.0
2023-09-01,South West,E12000009,304837,-0.7,-3.0,6974.0,503137.0,318733.0,262697.0,181185.0,311430.0,301295.0,250455.0,365995.0,366931.0,302531.0
2023-10-01,South West,E12000009,305147,0.1,-2.8,6671.0,501635.0,319777.0,261973.0,182862.0,311248.0,301866.0,251086.0,365855.0,377130.0,302512.0
2023-11-01,South West,E12000009,299952,-1.7,-4.4,6338.0,495045.0,314637.0,256801.0,179294.0,306114.0,296640.0,246509.0,360039.0,371038.0,297351.0
2023-12-01,South West,E12000009,294676,-1.8,-4.6,6034.0,483300.0,308871.0,253529.0,176566.0,299821.0,291903.0,242801.0,352853.0,356575.0,292384.0
2024-01-01,South West,E12000009,299150,1.5,-3.2,4915.0,492748.0,313641.0,257796.0,177753.0,305383.0,295800.0,245772.0,359180.0,372957.0,296460.0
2024-02-01,South West,E12000009,296587,-0.9,-3.3,5441.0,486537.0,312168.0,255141.0,176921.0,302129.0,293646.0,244346.0,355206.0,370756.0,293879.0
2024-03-01,South West,E12000009,295240,-0.5,-2.6,6149.0,483976.0,308493.0,253228.0,178896.0,301040.0,292143.0,242990.0,353916.0,367411.0,292613.0
2024-04-01,South West,E12000009,297850,0.9,-1.6,5630.0,484482.0,312459.0,256763.0,180275.0,302730.0,295308.0,245663.0,356355.0,366549.0,295373.0
2024-05-01,South West,E12000009,298492,0.2,-1.2,6646.0,486337.0,312869.0,257189.0,180536.0,303859.0,295659.0,246249.0,357048.0,367811.0,295990.0
2024-06-01,South West,E12000009,297239,-0.4,-1.2,6739.0,483325.0,311256.0,257506.0,179040.0,302269.0,294606.0,245594.0,355052.0,357597.0,295118.0
2024-07-01,South West,E12000009,301845,1.5,-1.4,7356.0,491712.0,317404.0,262136.0,179581.0,306501.0,299442.0,248777.0,361371.0,370985.0,299355.0
2024-08-01,South West,E12000009,303164,0.4,-1.3,8095.0,494317.0,318252.0,263070.0,180747.0,307475.0,300971.0,249855.0,362964.0,368681.0,300831.0
2024-09-01,South West,E12000009,304305,0.4,-0.2,7368.0,500023.0,320228.0,263095.0,179682.0,309406.0,301639.0,250297.0,364989.0,370869.0,301929.0
2024-10-01,South West,E12000009,306423,0.7,0.4,8698.0,499470.0,320668.0,265426.0,184067.0,311367.0,303853.0,252959.0,366315.0,374944.0,303966.0
2024-11-01,South West,E12000009,300240,-2.0,0.1,8069.0,491651.0,316937.0,259347.0,177744.0,304883.0,297843.0,247625.0,359225.0,367899.0,297811.0
2024-12-01,South West,E12000009,300210,0.0,1.9,7468.0,494886.0,315619.0,259437.0,176719.0,304730.0,297887.0,247325.0,359552.0,371103.0,297644.0
2025-01-01,South West,E12000009,301828,0.5,0.9,6250.0,494822.0,318887.0,261988.0,176798.0,306095.0,299660.0,248724.0,361404.0,384420.0,298780.0
2025-02-01,South West,E12000009,301560,-0.1,1.7,7046.0,492417.0,317648.0,262380.0,177915.0,305575.0,299525.0,249018.0,360321.0,379733.0,298734.0
2025-03-01,South West,E12000009,303287,0.6,2.7,13974.0,487868.0,318327.0,264831.0,183405.0,307596.0,301097.0,251842.0,360328.0,380947.0,300493.0
2025-04-01,South West,E12000009,292255,-3.6,-1.9,3414.0,483687.0,309996.0,250710.0,170745.0,295286.0,290738.0,239818.0,351457.0,379988.0,288918.0
2025-05-01,South West,E12000009,297421,1.8,-0.4,5659.0,489271.0,314709.0,257638.0,173403.0,301329.0,295441.0,244452.0,357080.0,378733.0,294421.0
2025-06-01,South West,E12000009,299020,0.5,0.6,6765.0,489153.0,315821.0,259725.0,175686.0,303169.0,296913.0,246062.0,358558.0,372100.0,296444.0
2025-07-01,South West,E12000009,303289,1.4,0.5,7748.0,497046.0,321133.0,263492.0,176943.0,307462.0,301171.0,249517.0,363763.0,386468.0,300217.0
2025-08-01,South West,E12000009,305113,0.6,0.6,7745.0,500772.0,323877.0,265226.0,176762.0,309709.0,302772.0,250773.0,366314.0,385111.0,302207.0
2025-09-01,South West,E12000009,302732,-0.8,-0.5,6734.0,496786.0,321152.0,264174.0,174489.0,307044.0,300540.0,248689.0,363646.0,379970.0,299958.0
2025-10-01,South West,E12000009,303589,0.3,-0.9,7694.0,497511.0,323964.0,264556.0,174304.0,307121.0,301809.0,249751.0,364141.0,396113.0,300054.0
2025-11-01,South West,E12000009,305539,0.6,1.8,6860.0,501028.0,324553.0,266675.0,175942.0,309198.0,303694.0,251233.0,366664.0,392629.0,302280.0
2025-12-01,South West,E12000009,301309,-1.4,0.4,6367.0,494864.0,320327.0,262298.0,173571.0,305345.0,299262.0,247769.0,361565.0,381887.0,298360.0
2026-01-01,South West,E12000009,300396,-0.3,-0.5,4718.0,492230.0,320519.0,262585.0,171668.0,303982.0,298588.0,247024.0,360462.0,385167.0,297234.0
2026-02-01,South West,E12000009,301226,0.3,-0.1,4835.0,495903.0,321936.0,261645.0,172083.0,305079.0,299287.0,247524.0,361596.0,391211.0,297840.0
2026-03-01,South West,E12000009,303308,0.7,0.0,5090.0,497938.0,324338.0,264656.0,172660.0,306147.0,301865.0,249942.0,363560.0,402523.0,299534.0
2026-04-01,South West,E12000009,303595,0.1,3.9,,496746.0,325077.0,264523.0,173995.0,306180.0,302277.0,250589.0,363596.0,,
2026-05-01,South West,E12000009,302559,-0.3,1.7,,496381.0,324705.0,263152.0,172446.0,305414.0,301108.0,249143.0,362800.0,,
2021-01-01,United Kingdom,K02000001,228417,0.0,6.9,84580.0,368824.0,225294.0,188443.0,181428.0,,,,,275010.0,225835.0
2021-02-01,United Kingdom,K02000001,229067,0.3,7.8,104032.0,369450.0,225832.0,189791.0,181179.0,,,,,279086.0,226147.0
2021-03-01,United Kingdom,K02000001,232463,1.5,8.5,148772.0,373463.0,228375.0,192865.0,185555.0,,,,,284978.0,229328.0
2021-04-01,United Kingdom,K02000001,228979,-1.5,7.9,96367.0,370490.0,225303.0,189668.0,180913.0,,,,,284630.0,225499.0
2021-05-01,United Kingdom,K02000001,230532,0.7,8.1,86769.0,373176.0,227004.0,190961.0,181789.0,,,,,281562.0,227523.0
2021-06-01,United Kingdom,K02000001,242777,5.3,12.3,183609.0,389414.0,238313.0,204019.0,190695.0,,,,,286006.0,240687.0
2021-07-01,United Kingdom,K02000001,231386,-4.7,6.1,70000.0,374500.0,228280.0,190492.0,183693.0,,,,,290822.0,227562.0
2021-08-01,United Kingdom,K02000001,238403,3.0,8.3,88912.0,387872.0,235488.0,196854.0,186631.0,,,,,283815.0,236041.0
2021-09-01,United Kingdom,K02000001,245371,2.9,10.3,142758.0,396472.0,242303.0,204933.0,190714.0,,,,,290343.0,243129.0
2021-10-01,United Kingdom,K02000001,239236,-2.5,6.6,71199.0,395985.0,235955.0,195984.0,185361.0,,,,,284526.0,236889.0
2021-11-01,United Kingdom,K02000001,243930,2.0,7.6,84595.0,401306.0,241243.0,200299.0,189152.0,,,,,293942.0,241150.0
2021-12-01,United Kingdom,K02000001,245189,0.5,7.3,91915.0,401833.0,241958.0,203365.0,188911.0,,,,,286282.0,243340.0
2022-01-01,United Kingdom,K02000001,248031,1.2,8.6,70157.0,407538.0,245846.0,204616.0,190631.0,,,,,293762.0,245727.0
2022-02-01,United Kingdom,K02000001,248309,0.1,8.4,78312.0,406772.0,246185.0,204836.0,191682.0,,,,,301657.0,245669.0
2022-03-01,United Kingdom,K02000001,249232,0.4,7.2,89747.0,409709.0,247572.0,205850.0,190362.0,,,,,301333.0,246646.0
2022-04-01,United Kingdom,K02000001,252167,1.2,10.1,82763.0,413384.0,249718.0,209367.0,192739.0,,,,,300443.0,249741.0
2022-05-01,United Kingdom,K02000001,255040,1.1,10.6,82670.0,417496.0,253740.0,211588.0,194145.0,,,,,300976.0,252716.0
2022-06-01,United Kingdom,K02000001,258118,1.2,6.3,86158.0,421461.0,255862.0,214628.0,197725.0,,,,,306121.0,255698.0
2022-07-01,United Kingdom,K02000001,262904,1.9,13.6,92524.0,429129.0,261757.0,219180.0,199200.0,,,,,311096.0,260474.0
2022-08-01,United Kingdom,K02000001,265124,0.8,11.2,95105.0,433757.0,263509.0,221347.0,200246.0,,,,,311434.0,262775.0
2022-09-01,United Kingdom,K02000001,265727,0.2,8.3,95974.0,435575.0,264400.0,221813.0,199792.0,,,,,310613.0,263442.0
2022-10-01,United Kingdom,K02000001,265693,0.0,11.1,91660.0,436814.0,264669.0,221236.0,199280.0,,,,,311222.0,263375.0
2022-11-01,United Kingdom,K02000001,265299,-0.1,8.8,93069.0,436328.0,264298.0,221174.0,198448.0,,,,,315677.0,262765.0
2022-12-01,United Kingdom,K02000001,263190,-0.8,7.3,87479.0,431009.0,262450.0,219801.0,197324.0,,,,,307227.0,260942.0
2023-01-01,United Kingdom,K02000001,260941,-0.9,5.2,60608.0,430764.0,261086.0,216073.0,194805.0,,,,,319822.0,258013.0
2023-02-01,United Kingdom,K02000001,258788,-0.8,4.2,59690.0,428190.0,258204.0,214287.0,193426.0,,,,,320447.0,255738.0
2023-03-01,United Kingdom,K02000001,255885,-1.1,2.7,70607.0,424426.0,255807.0,210299.0,192269.0,,,,,323135.0,252594.0
2023-04-01,United Kingdom,K02000001,256479,0.2,1.7,52097.0,424716.0,256474.0,211281.0,192356.0,,,,,323505.0,253197.0
2023-05-01,United Kingdom,K02000001,257330,0.3,0.9,56484.0,422381.0,256263.0,212695.0,195037.0,,,,,322938.0,254108.0
2023-06-01,United Kingdom,K02000001,258275,0.4,0.1,70796.0,423828.0,257278.0,214878.0,193937.0,,,,,313423.0,255517.0
2023-07-01,United Kingdom,K02000001,261182,1.1,-0.7,65177.0,428922.0,261565.0,216925.0,195054.0,,,,,326363.0,257975.0
2023-08-01,United Kingdom,K02000001,262602,0.5,-1.0,72741.0,431657.0,262101.0,218944.0,195719.0,,,,,323993.0,259559.0
2023-09-01,United Kingdom,K02000001,261318,-0.5,-1.7,71120.0,428518.0,260519.0,217842.0,195619.0,,,,,320669.0,258368.0
2023-10-01,United Kingdom,K02000001,260129,-0.5,-2.1,68773.0,425957.0,260280.0,216282.0,194826.0,,,,,326811.0,256857.0
2023-11-01,United Kingdom,K02000001,258368,-0.7,-2.6,67173.0,426134.0,258799.0,214014.0,192701.0,,,,,327497.0,254992.0
2023-12-01,United Kingdom,K02000001,256177,-0.8,-2.7,64072.0,418631.0,256370.0,213287.0,191890.0,,,,,315715.0,253225.0
2024-01-01,United Kingdom,K02000001,255972,-0.1,-1.9,51627.0,420315.0,255737.0,212711.0,191646.0,,,,,325532.0,252582.0
2024-02-01,United Kingdom,K02000001,254633,-0.5,-1.6,56881.0,415397.0,255295.0,212262.0,190328.0,,,,,323351.0,251285.0
2024-03-01,United Kingdom,K02000001,255082,0.2,-0.3,66447.0,416298.0,254265.0,211943.0,193000.0,,,,,323255.0,251761.0
2024-04-01,United Kingdom,K02000001,256478,0.5,0.0,60866.0,415853.0,256304.0,213888.0,193853.0,,,,,322489.0,253268.0
2024-05-01,United Kingdom,K02000001,258565,0.8,0.5,73527.0,419008.0,258606.0,215670.0,195274.0,,,,,325351.0,255316.0
2024-06-01,United Kingdom,K02000001,259585,0.4,0.5,71472.0,419358.0,258910.0,217952.0,195694.0,,,,,317910.0,256776.0
2024-07-01,United Kingdom,K02000001,262479,1.1,0.5,79090.0,425199.0,262908.0,220655.0,195740.0,,,,,329016.0,259246.0
2024-08-01,United Kingdom,K02000001,265085,1.0,0.9,86431.0,429838.0,264929.0,223062.0,197803.0,,,,,328542.0,262013.0
2024-09-01,United Kingdom,K02000001,264750,-0.1,1.3,77070.0,432642.0,265344.0,221758.0,196260.0,,,,,329005.0,261636.0
2024-10-01,United Kingdom,K02000001,265252,0.2,2.0,89291.0,432134.0,265132.0,222232.0,198015.0,,,,,332932.0,261963.0
2024-11-01,United Kingdom,K02000001,264515,-0.3,2.4,86488.0,430747.0,266381.0,221701.0,195408.0,,,,,330802.0,261296.0
2024-12-01,United Kingdom,K02000001,263991,-0.2,3.1,78572.0,433653.0,264927.0,221372.0,193853.0,,,,,332197.0,260674.0
2025-01-01,United Kingdom,K02000001,264936,0.4,3.5,66901.0,433587.0,266530.0,222203.0,194677.0,,,,,343301.0,261108.0
2025-02-01,United Kingdom,K02000001,264771,-0.1,4.0,74512.0,431405.0,266300.0,222890.0,194706.0,,,,,340107.0,261134.0
2025-03-01,United Kingdom,K02000001,268019,1.2,5.1,134340.0,430077.0,269386.0,227171.0,199186.0,,,,,342711.0,264437.0
2025-04-01,United Kingdom,K02000001,260162,-2.9,1.4,44018.0,427892.0,261888.0,216126.0,192319.0,,,,,342482.0,256068.0
2025-05-01,United Kingdom,K02000001,264078,1.5,2.1,65364.0,431479.0,265527.0,221455.0,194620.0,,,,,342064.0,260271.0
2025-06-01,United Kingdom,K02000001,266865,1.1,2.8,75986.0,434780.0,268402.0,224336.0,196648.0,,,,,339222.0,263427.0
2025-07-01,United Kingdom,K02000001,269050,0.8,2.5,81151.0,438581.0,270922.0,226472.0,197433.0,,,,,349030.0,265137.0
2025-08-01,United Kingdom,K02000001,271013,0.7,2.2,82989.0,442059.0,273816.0,228652.0,197156.0,,,,,347615.0,267322.0
2025-09-01,United Kingdom,K02000001,270124,-0.3,2.0,73036.0,442621.0,272799.0,228102.0,195294.0,,,,,344639.0,266563.0
2025-10-01,United Kingdom,K02000001,271441,0.5,2.3,81632.0,445652.0,275679.0,228732.0,194771.0,,,,,358944.0,267070.0
2025-11-01,United Kingdom,K02000001,271787,0.1,2.7,70457.0,445356.0,275519.0,229920.0,194963.0,,,,,354845.0,267694.0
2025-12-01,United Kingdom,K02000001,269255,-0.9,2.0,66443.0,440861.0,273298.0,227938.0,192803.0,,,,,345891.0,265555.0
2026-01-01,United Kingdom,K02000001,268708,-0.2,1.4,50409.0,439124.0,273507.0,227776.0,191762.0,,,,,348481.0,264807.0
2026-02-01,United Kingdom,K02000001,269114,0.2,1.6,49838.0,441987.0,274653.0,227511.0,190717.0,,,,,352942.0,264995.0
2026-03-01,United Kingdom,K02000001,269112,0.0,0.4,52931.0,441746.0,274866.0,228170.0,189846.0,,,,,361730.0,264529.0
2026-04-01,United Kingdom,K02000001,270435,0.5,3.9,,441974.0,275870.0,228626.0,193072.0,,,,,,
2026-05-01,United Kingdom,K02000001,271295,0.3,2.7,,444892.0,277358.0,229445.0,192046.0,,,,,,
2021-01-01,Wales,W92000004,169842,-1.0,9.9,3404.0,269577.0,167248.0,132702.0,114644.0,171553.0,169052.0,145060.0,204396.0,243810.0,168429.0
2021-02-01,Wales,W92000004,168438,-0.8,7.2,4113.0,265132.0,165358.0,133000.0,113430.0,169366.0,167981.0,144344.0,201926.0,243280.0,166961.0
2021-03-01,Wales,W92000004,173661,3.1,9.8,5504.0,272672.0,169971.0,137721.0,117243.0,175113.0,172979.0,148869.0,208111.0,251805.0,172088.0
2021-04-01,Wales,W92000004,171658,-1.2,13.3,4323.0,270589.0,168355.0,135546.0,115370.0,172803.0,171107.0,147166.0,205688.0,255244.0,169786.0
2021-05-01,Wales,W92000004,174016,1.4,13.0,4027.0,274076.0,170875.0,137290.0,117236.0,175116.0,173483.0,149170.0,208540.0,252796.0,172416.0
2021-06-01,Wales,W92000004,184345,5.9,16.3,7096.0,286936.0,180025.0,147812.0,123666.0,186126.0,183519.0,158466.0,220211.0,255402.0,183293.0
2021-07-01,Wales,W92000004,176129,-4.5,10.5,3890.0,277636.0,173266.0,138884.0,117655.0,177531.0,175468.0,151140.0,210819.0,264378.0,174087.0
2021-08-01,Wales,W92000004,180281,2.4,10.1,4304.0,286443.0,177627.0,141458.0,118491.0,181865.0,179540.0,154012.0,216899.0,255211.0,178966.0
2021-09-01,Wales,W92000004,185561,2.9,15.3,4773.0,292785.0,181869.0,147010.0,122641.0,187817.0,184534.0,159024.0,222446.0,261296.0,184280.0
2021-10-01,Wales,W92000004,186951,0.7,12.2,4556.0,300757.0,183426.0,145919.0,121754.0,188723.0,186128.0,159313.0,225570.0,264312.0,185605.0
2021-11-01,Wales,W92000004,186520,-0.2,10.5,4672.0,299781.0,183838.0,145124.0,121453.0,188781.0,185490.0,158910.0,225109.0,267611.0,184976.0
2021-12-01,Wales,W92000004,189741,1.7,10.5,4545.0,302076.0,185869.0,149639.0,123710.0,191921.0,188744.0,162091.0,228287.0,260508.0,188785.0
2022-01-01,Wales,W92000004,191552,1.0,12.8,3261.0,305823.0,188617.0,150298.0,123744.0,193809.0,190522.0,163531.0,230640.0,269451.0,190245.0
2022-02-01,Wales,W92000004,189656,-1.0,12.6,3746.0,301891.0,186373.0,149022.0,124675.0,191761.0,188694.0,162150.0,228042.0,276252.0,188203.0
2022-03-01,Wales,W92000004,191471,1.0,10.3,4154.0,305684.0,188319.0,150285.0,124178.0,193339.0,190616.0,163445.0,230565.0,278117.0,190017.0
2022-04-01,Wales,W92000004,195875,2.3,14.1,3792.0,312253.0,192065.0,154345.0,127174.0,198380.0,194733.0,167345.0,235680.0,278147.0,194494.0
2022-05-01,Wales,W92000004,196682,0.4,13.0,3813.0,311067.0,194013.0,155360.0,127582.0,197877.0,196133.0,168327.0,236268.0,277186.0,195331.0
2022-06-01,Wales,W92000004,200277,1.8,8.6,3618.0,315780.0,197009.0,159191.0,129342.0,201815.0,199571.0,171895.0,239938.0,282867.0,198890.0
2022-07-01,Wales,W92000004,203313,1.5,15.4,4207.0,321842.0,200250.0,161174.0,129703.0,205192.0,202453.0,173963.0,244282.0,286420.0,201918.0
2022-08-01,Wales,W92000004,204218,0.4,13.3,4237.0,324258.0,200913.0,161707.0,129745.0,206352.0,203243.0,174599.0,245552.0,284898.0,202864.0
2022-09-01,Wales,W92000004,207696,1.7,11.9,4153.0,329471.0,204459.0,164569.0,131747.0,209372.0,206928.0,177650.0,249632.0,288707.0,206337.0
2022-10-01,Wales,W92000004,208209,0.2,11.4,4308.0,330558.0,205102.0,164571.0,132828.0,209794.0,207482.0,178102.0,250232.0,290964.0,206820.0
2022-11-01,Wales,W92000004,205941,-1.1,10.4,4216.0,326572.0,202622.0,163385.0,130314.0,207093.0,205410.0,176288.0,247339.0,293996.0,204462.0
2022-12-01,Wales,W92000004,206563,0.3,8.9,4008.0,327073.0,202893.0,164070.0,131953.0,208328.0,205754.0,177023.0,247821.0,289086.0,205178.0
2023-01-01,Wales,W92000004,201853,-2.3,5.4,2644.0,319858.0,200046.0,159053.0,128455.0,202341.0,201625.0,172657.0,242603.0,296946.0,200259.0
2023-02-01,Wales,W92000004,200870,-0.5,5.9,2679.0,319940.0,198282.0,158218.0,127690.0,201269.0,200683.0,171721.0,241579.0,301790.0,199198.0
2023-03-01,Wales,W92000004,199167,-0.8,4.0,3228.0,319088.0,197164.0,155494.0,127862.0,200472.0,198559.0,169970.0,240021.0,301853.0,197473.0
2023-04-01,Wales,W92000004,195717,-1.7,-0.1,2298.0,313451.0,194256.0,152827.0,124487.0,196658.0,195279.0,167019.0,235875.0,296110.0,194060.0
2023-05-01,Wales,W92000004,199616,2.0,1.5,2515.0,314891.0,196994.0,157946.0,128583.0,200082.0,199399.0,171009.0,239478.0,298691.0,197971.0
2023-06-01,Wales,W92000004,200183,0.3,0.0,3210.0,317134.0,197166.0,158743.0,126726.0,200586.0,199994.0,171179.0,240679.0,291859.0,198639.0
2023-07-01,Wales,W92000004,202620,1.2,-0.3,2872.0,321381.0,200153.0,159988.0,128861.0,203744.0,202096.0,172972.0,244090.0,303774.0,200942.0
2023-08-01,Wales,W92000004,203852,0.6,-0.2,3135.0,324428.0,200542.0,161272.0,128987.0,205454.0,203107.0,174075.0,245491.0,300136.0,202239.0
2023-09-01,Wales,W92000004,204460,0.3,-1.6,3201.0,326118.0,200985.0,161718.0,128887.0,206628.0,203453.0,174625.0,246169.0,296734.0,202902.0
2023-10-01,Wales,W92000004,202477,-1.0,-2.8,3093.0,321378.0,200697.0,159345.0,128784.0,203771.0,201874.0,173121.0,243468.0,300411.0,200843.0
2023-11-01,Wales,W92000004,201778,-0.3,-2.0,2945.0,322393.0,199245.0,158772.0,127334.0,203625.0,200920.0,172310.0,242982.0,303995.0,200087.0
2023-12-01,Wales,W92000004,202077,0.1,-2.2,3015.0,318954.0,199402.0,160148.0,129018.0,202617.0,201825.0,173088.0,242478.0,298469.0,200465.0
2024-01-01,Wales,W92000004,197808,-2.1,-2.0,2082.0,314333.0,195335.0,156304.0,124731.0,199195.0,197162.0,169174.0,237780.0,296213.0,196174.0
2024-02-01,Wales,W92000004,199272,0.7,-0.8,2541.0,314716.0,197384.0,157247.0,127389.0,200502.0,198708.0,170604.0,239241.0,300106.0,197575.0
2024-03-01,Wales,W92000004,200795,0.8,0.8,2867.0,318257.0,197992.0,158486.0,128861.0,202420.0,200029.0,171735.0,241360.0,304269.0,199028.0
2024-04-01,Wales,W92000004,199545,-0.6,2.0,2617.0,312614.0,197060.0,158684.0,127989.0,200107.0,199322.0,171038.0,239230.0,296159.0,197979.0
2024-05-01,Wales,W92000004,199330,-0.1,-0.1,3145.0,312223.0,197540.0,158166.0,127502.0,199635.0,199239.0,170949.0,238811.0,297975.0,197700.0
2024-06-01,Wales,W92000004,204368,2.5,2.1,3174.0,319943.0,201629.0,163129.0,129794.0,205153.0,204032.0,175485.0,244485.0,297206.0,202955.0
2024-07-01,Wales,W92000004,204982,0.3,1.2,3528.0,320819.0,202733.0,163633.0,129137.0,205489.0,204789.0,175790.0,245594.0,302969.0,203412.0
2024-08-01,Wales,W92000004,207156,1.1,1.6,3790.0,324985.0,204074.0,165714.0,130252.0,207836.0,206874.0,177721.0,248086.0,302444.0,205686.0
2024-09-01,Wales,W92000004,203822,-1.6,-0.3,3270.0,322723.0,201210.0,161880.0,127399.0,204830.0,203372.0,174476.0,244742.0,301342.0,202259.0
2024-10-01,Wales,W92000004,207454,1.8,2.5,3874.0,326439.0,204606.0,165269.0,130914.0,208184.0,207147.0,177943.0,248499.0,309057.0,205790.0
2024-11-01,Wales,W92000004,207435,0.0,2.8,3931.0,326263.0,205967.0,165199.0,128236.0,207771.0,207331.0,178077.0,248224.0,306549.0,205848.0
2024-12-01,Wales,W92000004,204641,-1.3,1.3,3547.0,324664.0,202008.0,162765.0,126413.0,205006.0,204520.0,175428.0,245302.0,305026.0,202994.0
2025-01-01,Wales,W92000004,206010,0.7,4.1,2777.0,324632.0,204505.0,163500.0,128527.0,206103.0,206030.0,176675.0,246819.0,317373.0,204041.0
2025-02-01,Wales,W92000004,205266,-0.4,3.0,3179.0,323055.0,203443.0,162995.0,129151.0,205830.0,205077.0,176111.0,245788.0,312551.0,203424.0
2025-03-01,Wales,W92000004,207151,0.9,3.2,3777.0,321336.0,204482.0,166289.0,133129.0,208171.0,206760.0,178441.0,246692.0,311231.0,205430.0
2025-04-01,Wales,W92000004,205275,-0.9,2.9,3073.0,326528.0,204395.0,161844.0,125874.0,205021.0,205449.0,175497.0,246986.0,324471.0,203050.0
2025-05-01,Wales,W92000004,206642,0.7,3.7,3288.0,325967.0,205028.0,164380.0,127426.0,206624.0,206711.0,176953.0,248081.0,315724.0,204752.0
2025-06-01,Wales,W92000004,209521,1.4,2.5,3582.0,329674.0,207594.0,167017.0,129929.0,209846.0,209439.0,179434.0,251507.0,314277.0,207797.0
2025-07-01,Wales,W92000004,209524,0.0,2.2,3736.0,328369.0,207961.0,167689.0,128689.0,209198.0,209733.0,179805.0,250809.0,321384.0,207567.0
2025-08-01,Wales,W92000004,210219,0.3,1.5,3755.0,329450.0,208736.0,168194.0,129091.0,210183.0,210299.0,180242.0,251945.0,318997.0,208369.0
2025-09-01,Wales,W92000004,211331,0.5,3.7,3248.0,333382.0,209727.0,168422.0,129147.0,211837.0,211168.0,180964.0,253718.0,318285.0,209549.0
2025-10-01,Wales,W92000004,213089,0.8,2.7,3766.0,335857.0,212309.0,169597.0,129389.0,213228.0,213092.0,182635.0,255514.0,333010.0,210901.0
2025-11-01,Wales,W92000004,211496,-0.7,2.0,3181.0,331991.0,210143.0,169462.0,127981.0,211304.0,211645.0,181311.0,253524.0,326911.0,209440.0
2025-12-01,Wales,W92000004,214101,1.2,4.6,3116.0,336905.0,212334.0,171182.0,130547.0,214441.0,214013.0,183599.0,256541.0,325321.0,212201.0
2026-01-01,Wales,W92000004,210852,-1.5,2.4,2175.0,330096.0,210085.0,168945.0,127445.0,210554.0,211048.0,180979.0,252332.0,323809.0,208870.0
2026-02-01,Wales,W92000004,212021,0.6,3.3,2238.0,333150.0,211159.0,169629.0,127368.0,211880.0,212150.0,181985.0,253728.0,328283.0,209958.0
2026-03-01,Wales,W92000004,214320,1.1,3.5,2252.0,336872.0,213698.0,171483.0,127916.0,213758.0,214630.0,184213.0,256239.0,341643.0,211984.0
2026-04-01,Wales,W92000004,212438,-0.9,3.5,,332333.0,211855.0,170508.0,127301.0,211779.0,212789.0,182671.0,253918.0,,
2026-05-01,Wales,W92000004,215252,1.3,4.2,,335971.0,214736.0,173138.0,128696.0,214107.0,215811.0,185222.0,257157.0,,
2021-01-01,West Midlands,E11000005,190535,1.2,6.4,2594.0,341672.0,204797.0,168584.0,122738.0,184311.0,192466.0,169359.0,227499.0,197514.0,190022.0
2021-02-01,West Midlands,E11000005,193382,1.5,8.4,3290.0,343387.0,207480.0,171283.0,125966.0,187387.0,195245.0,172210.0,230355.0,201555.0,192778.0
2021-03-01,West Midlands,E11000005,196264,1.5,10.4,4513.0,345456.0,210002.0,173901.0,129581.0,190547.0,198044.0,175002.0,233408.0,206138.0,195532.0
2021-04-01,West Midlands,E11000005,197014,0.4,12.2,3062.0,346260.0,210488.0,174702.0,130505.0,191344.0,198779.0,175856.0,233985.0,209521.0,196069.0
2021-05-01,West Midlands,E11000005,197138,0.1,11.2,2693.0,347659.0,210689.0,174721.0,130204.0,191384.0,198929.0,175914.0,234223.0,209466.0,196208.0
2021-06-01,West Midlands,E11000005,200619,1.8,12.1,5075.0,352846.0,214100.0,178527.0,132199.0,194796.0,202432.0,179108.0,238211.0,210079.0,199924.0
2021-07-01,West Midlands,E11000005,201938,0.7,10.8,2443.0,356170.0,215938.0,179203.0,132855.0,196096.0,203757.0,180256.0,239827.0,211907.0,201204.0
2021-08-01,West Midlands,E11000005,203377,0.7,11.2,2894.0,359914.0,218120.0,180262.0,132797.0,197294.0,205268.0,181391.0,241788.0,210810.0,202853.0
2021-09-01,West Midlands,E11000005,202377,-0.5,10.4,4910.0,359606.0,217808.0,178924.0,131204.0,196081.0,204331.0,180459.0,240668.0,209258.0,201899.0
2021-10-01,West Midlands,E11000005,202478,0.0,9.8,2178.0,362374.0,218102.0,179092.0,129987.0,195842.0,204533.0,180218.0,241348.0,204715.0,202378.0
2021-11-01,West Midlands,E11000005,203538,0.5,9.7,2722.0,364840.0,219270.0,179937.0,130569.0,196761.0,205635.0,181089.0,242733.0,206671.0,203363.0
2021-12-01,West Midlands,E11000005,203516,0.0,8.1,2946.0,366907.0,219395.0,179693.0,129945.0,196590.0,205657.0,180803.0,243156.0,205367.0,203450.0
2022-01-01,West Midlands,E11000005,206378,1.4,8.3,2299.0,370089.0,222683.0,182640.0,131536.0,199258.0,208578.0,183467.0,246370.0,207928.0,206339.0
2022-02-01,West Midlands,E11000005,209279,1.4,8.2,2848.0,373841.0,225779.0,185477.0,133758.0,202070.0,211508.0,186245.0,249563.0,212176.0,209278.0
2022-03-01,West Midlands,E11000005,212020,1.3,8.0,3106.0,378185.0,229230.0,187715.0,135364.0,204580.0,214319.0,188769.0,252740.0,217717.0,211893.0
2022-04-01,West Midlands,E11000005,213974,0.9,8.6,2536.0,381147.0,231148.0,189778.0,136596.0,206513.0,216280.0,190612.0,254939.0,220321.0,213828.0
2022-05-01,West Midlands,E11000005,215007,0.5,9.1,2784.0,383333.0,232532.0,190764.0,136408.0,207424.0,217350.0,191438.0,256288.0,218721.0,214938.0
2022-06-01,West Midlands,E11000005,216278,0.6,7.8,2592.0,385651.0,233728.0,192122.0,137069.0,208669.0,218628.0,192515.0,257870.0,217939.0,216269.0
2022-07-01,West Midlands,E11000005,219733,1.6,8.8,2855.0,391104.0,237788.0,195358.0,138681.0,211853.0,222164.0,195597.0,261981.0,220920.0,219738.0
2022-08-01,West Midlands,E11000005,222773,1.4,9.5,2914.0,395759.0,240945.0,198645.0,140101.0,214638.0,225281.0,198310.0,265599.0,223471.0,222794.0
2022-09-01,West Midlands,E11000005,225571,1.3,11.5,2978.0,400384.0,244101.0,201421.0,141240.0,217174.0,228157.0,200853.0,268868.0,225408.0,225618.0
2022-10-01,West Midlands,E11000005,227492,0.9,12.4,2881.0,405041.0,246194.0,202889.0,142242.0,219093.0,230079.0,202495.0,271242.0,226064.0,227577.0
2022-11-01,West Midlands,E11000005,228025,0.2,12.0,2920.0,406583.0,246848.0,203152.0,142538.0,219588.0,230624.0,203025.0,271810.0,227542.0,228083.0
2022-12-01,West Midlands,E11000005,228359,0.1,12.2,2811.0,406736.0,247289.0,203337.0,143050.0,220014.0,230932.0,203419.0,272089.0,228178.0,228408.0
2023-01-01,West Midlands,E11000005,226214,-0.9,9.6,1924.0,403195.0,245291.0,201067.0,141659.0,217850.0,228791.0,201416.0,269648.0,230209.0,226140.0
2023-02-01,West Midlands,E11000005,226369,0.1,8.2,1966.0,404580.0,245488.0,200666.0,142023.0,218111.0,228913.0,201436.0,269940.0,234189.0,226190.0
2023-03-01,West Midlands,E11000005,222980,-1.5,5.2,2336.0,401361.0,242184.0,196613.0,139804.0,214930.0,225457.0,198150.0,266246.0,236663.0,222640.0
2023-04-01,West Midlands,E11000005,220914,-0.9,3.2,1611.0,398304.0,239962.0,194576.0,138603.0,212967.0,223358.0,196283.0,263841.0,236000.0,220540.0
2023-05-01,West Midlands,E11000005,219253,-0.8,2.0,1788.0,395067.0,238348.0,193008.0,137551.0,211375.0,221677.0,194779.0,261916.0,234332.0,218880.0
2023-06-01,West Midlands,E11000005,219966,0.3,1.7,2197.0,394798.0,238888.0,194330.0,137722.0,211868.0,222459.0,195486.0,262618.0,231478.0,219680.0
2023-07-01,West Midlands,E11000005,222839,1.3,1.4,1997.0,398481.0,242103.0,197319.0,139166.0,214461.0,225420.0,198074.0,265980.0,233827.0,222565.0
2023-08-01,West Midlands,E11000005,223424,0.3,0.3,2227.0,398628.0,242810.0,198440.0,138779.0,214670.0,226123.0,198643.0,266578.0,232118.0,223206.0
2023-09-01,West Midlands,E11000005,225448,0.9,-0.1,2059.0,402439.0,245123.0,200327.0,139677.0,216588.0,228179.0,200430.0,269017.0,234413.0,225223.0
2023-10-01,West Midlands,E11000005,224398,-0.5,-1.4,2133.0,400335.0,243873.0,199292.0,139407.0,215699.0,227079.0,199606.0,267544.0,233698.0,224165.0
2023-11-01,West Midlands,E11000005,224071,-0.1,-1.7,2077.0,400948.0,243765.0,198337.0,139524.0,215703.0,226647.0,199254.0,267276.0,235750.0,223780.0
2023-12-01,West Midlands,E11000005,222941,-0.5,-2.4,2073.0,397844.0,242661.0,197216.0,139199.0,214592.0,225512.0,198389.0,265647.0,234791.0,222645.0
2024-01-01,West Midlands,E11000005,221597,-0.6,-2.0,1615.0,395723.0,241024.0,196327.0,138031.0,213147.0,224200.0,197144.0,264143.0,233677.0,221296.0
2024-02-01,West Midlands,E11000005,220143,-0.7,-2.8,1931.0,391007.0,239343.0,195553.0,137129.0,211503.0,222807.0,196079.0,261966.0,231755.0,219854.0
2024-03-01,West Midlands,E11000005,218807,-0.6,-1.9,2176.0,388474.0,237603.0,194355.0,136744.0,210240.0,221442.0,194873.0,260419.0,232787.0,218461.0
2024-04-01,West Midlands,E11000005,218978,0.1,-0.9,1968.0,387393.0,237867.0,194325.0,137466.0,210513.0,221574.0,195137.0,260404.0,231316.0,218673.0
2024-05-01,West Midlands,E11000005,220260,0.6,0.5,2200.0,388863.0,239108.0,195524.0,138648.0,211751.0,222870.0,196320.0,261853.0,232162.0,219967.0
2024-06-01,West Midlands,E11000005,222736,1.1,1.3,2158.0,392371.0,241746.0,198089.0,139989.0,214191.0,225353.0,198601.0,264653.0,231166.0,222533.0
2024-07-01,West Midlands,E11000005,225113,1.1,1.0,2249.0,396573.0,244473.0,200663.0,140577.0,216226.0,227851.0,200748.0,267424.0,233459.0,224912.0
2024-08-01,West Midlands,E11000005,227012,0.8,1.6,2637.0,400737.0,246391.0,202725.0,141132.0,218069.0,229766.0,202341.0,269873.0,234201.0,226841.0
2024-09-01,West Midlands,E11000005,228399,0.6,1.3,2397.0,404337.0,248132.0,204001.0,141242.0,219230.0,231232.0,203487.0,271695.0,237197.0,228185.0
2024-10-01,West Midlands,E11000005,229219,0.4,2.1,2708.0,406197.0,248560.0,204742.0,142238.0,220240.0,231980.0,204224.0,272657.0,238564.0,228991.0
2024-11-01,West Midlands,E11000005,230251,0.5,2.8,2732.0,408715.0,250202.0,205238.0,142589.0,221276.0,233008.0,205154.0,273865.0,240088.0,230011.0
2024-12-01,West Midlands,E11000005,229717,-0.2,3.0,2447.0,408647.0,249795.0,204631.0,141944.0,220727.0,232482.0,204735.0,273121.0,240137.0,229462.0
2025-01-01,West Midlands,E11000005,229440,-0.1,3.5,2170.0,408949.0,250201.0,204216.0,140810.0,220262.0,232274.0,204468.0,272830.0,241767.0,229136.0
2025-02-01,West Midlands,E11000005,229118,-0.1,4.1,2460.0,407940.0,249728.0,204292.0,140400.0,219748.0,232022.0,204295.0,272194.0,243383.0,228771.0
2025-03-01,West Midlands,E11000005,230929,0.8,5.5,4334.0,406759.0,251240.0,206564.0,142709.0,221664.0,233800.0,206243.0,273602.0,246441.0,230564.0
2025-04-01,West Midlands,E11000005,230091,-0.4,5.1,1404.0,406569.0,250644.0,205456.0,141856.0,220727.0,232997.0,205386.0,272854.0,246898.0,229676.0
2025-05-01,West Midlands,E11000005,228985,-0.5,4.0,2009.0,404809.0,249651.0,204361.0,140970.0,219494.0,231933.0,204284.0,271796.0,246183.0,228553.0
2025-06-01,West Midlands,E11000005,227168,-0.8,2.0,2342.0,405070.0,248546.0,202221.0,138189.0,217343.0,230230.0,202331.0,270376.0,243841.0,226755.0
2025-07-01,West Midlands,E11000005,229522,1.0,2.0,2508.0,407192.0,250944.0,204842.0,139796.0,219529.0,232638.0,204594.0,272806.0,245032.0,229156.0
2025-08-01,West Midlands,E11000005,231641,0.9,2.0,2500.0,410239.0,253408.0,206941.0,140823.0,221636.0,234758.0,206510.0,275263.0,246189.0,231314.0
2025-09-01,West Midlands,E11000005,233073,0.6,2.0,2088.0,413069.0,255091.0,208409.0,141168.0,222978.0,236219.0,207712.0,277132.0,247423.0,232756.0
2025-10-01,West Midlands,E11000005,233028,0.0,1.7,2487.0,413085.0,255424.0,208391.0,140561.0,222822.0,236212.0,207685.0,277051.0,248888.0,232653.0
2025-11-01,West Midlands,E11000005,233412,0.2,1.4,2059.0,415109.0,255940.0,208685.0,140283.0,223142.0,236616.0,207929.0,277726.0,251016.0,232970.0
2025-12-01,West Midlands,E11000005,233050,-0.2,1.5,1855.0,413851.0,255559.0,208510.0,140035.0,222639.0,236301.0,207769.0,276932.0,251673.0,232567.0
2026-01-01,West Midlands,E11000005,232721,-0.1,1.4,1526.0,413390.0,255338.0,208369.0,139393.0,222318.0,235970.0,207428.0,276647.0,249839.0,232295.0
2026-02-01,West Midlands,E11000005,232757,0.0,1.6,1508.0,412393.0,255792.0,208387.0,139246.0,222155.0,236072.0,207739.0,276227.0,250435.0,232305.0
2026-03-01,West Midlands,E11000005,232921,0.1,0.9,1596.0,412502.0,256546.0,208396.0,138827.0,222200.0,236272.0,207953.0,276405.0,254188.0,232319.0
2026-04-01,West Midlands,E11000005,234152,0.5,1.8,,414464.0,258264.0,209205.0,139549.0,223310.0,237541.0,209136.0,277751.0,,
2026-05-01,West Midlands,E11000005,233957,-0.1,2.2,,414318.0,258282.0,209068.0,138977.0,222977.0,237387.0,208908.0,277592.0,,
2021-01-01,Yorkshire and The Humber,E12000003,170388,1.0,10.0,6660.0,286723.0,173151.0,135686.0,116615.0,170012.0,170561.0,146580.0,204310.0,233031.0,167941.0
2021-02-01,Yorkshire and The Humber,E12000003,171334,0.6,10.8,8404.0,287934.0,173680.0,137027.0,117084.0,171018.0,171485.0,147639.0,205097.0,236648.0,168702.0
2021-03-01,Yorkshire and The Humber,E12000003,172745,0.8,11.0,11158.0,289738.0,174665.0,138492.0,118959.0,172475.0,172879.0,148877.0,206755.0,240661.0,169940.0
2021-04-01,Yorkshire and The Humber,E12000003,169361,-2.0,12.4,8005.0,284729.0,171606.0,135516.0,115602.0,168657.0,169659.0,146156.0,202428.0,239260.0,166371.0
2021-05-01,Yorkshire and The Humber,E12000003,171213,1.1,10.3,7225.0,288597.0,173278.0,137106.0,116220.0,170687.0,171444.0,147606.0,204851.0,237499.0,168508.0
2021-06-01,Yorkshire and The Humber,E12000003,184117,7.5,16.5,12697.0,305968.0,185496.0,149409.0,126382.0,184281.0,184088.0,159073.0,219807.0,245336.0,181961.0
2021-07-01,Yorkshire and The Humber,E12000003,169009,-8.2,6.4,6580.0,285562.0,172078.0,134576.0,113375.0,168345.0,169292.0,145840.0,202025.0,242459.0,165762.0
2021-08-01,Yorkshire and The Humber,E12000003,174892,3.5,8.7,7770.0,296363.0,178060.0,139461.0,115708.0,174186.0,175192.0,150424.0,209756.0,236506.0,172581.0
2021-09-01,Yorkshire and The Humber,E12000003,183852,5.1,13.7,12331.0,306980.0,186382.0,148450.0,123425.0,183430.0,184045.0,158791.0,219566.0,246528.0,181581.0
2021-10-01,Yorkshire and The Humber,E12000003,173741,-5.5,5.9,5880.0,299086.0,176078.0,137546.0,115104.0,173140.0,174001.0,148906.0,209127.0,235622.0,171394.0
2021-11-01,Yorkshire and The Humber,E12000003,179074,3.1,6.8,6999.0,306232.0,181932.0,142032.0,118818.0,178810.0,179207.0,153488.0,215532.0,246142.0,176411.0
2021-12-01,Yorkshire and The Humber,E12000003,180680,0.9,7.1,7645.0,306875.0,182959.0,144554.0,120067.0,180311.0,180852.0,155228.0,216945.0,239666.0,178648.0
2022-01-01,Yorkshire and The Humber,E12000003,182226,0.9,6.9,5843.0,310008.0,185628.0,144920.0,120099.0,181376.0,182582.0,156520.0,218851.0,246642.0,179801.0
2022-02-01,Yorkshire and The Humber,E12000003,183698,0.8,7.2,6799.0,311553.0,186938.0,146137.0,122702.0,183096.0,183952.0,158167.0,220189.0,256233.0,181030.0
2022-03-01,Yorkshire and The Humber,E12000003,183085,-0.3,6.0,7111.0,311631.0,186558.0,145515.0,120602.0,182230.0,183444.0,157372.0,219755.0,253459.0,180482.0
2022-04-01,Yorkshire and The Humber,E12000003,184986,1.0,9.2,7018.0,313199.0,188171.0,147924.0,121942.0,183843.0,185463.0,159272.0,221737.0,252166.0,182472.0
2022-05-01,Yorkshire and The Humber,E12000003,189205,2.3,10.5,6765.0,320058.0,192683.0,151242.0,124634.0,188407.0,189540.0,162749.0,226970.0,255384.0,186709.0
2022-06-01,Yorkshire and The Humber,E12000003,190937,0.9,3.7,7211.0,322328.0,194343.0,152916.0,125971.0,189794.0,191415.0,164503.0,228751.0,257656.0,188420.0
2022-07-01,Yorkshire and The Humber,E12000003,194228,1.7,14.9,7577.0,326917.0,198125.0,155932.0,126888.0,193082.0,194706.0,167286.0,232751.0,262569.0,191653.0
2022-08-01,Yorkshire and The Humber,E12000003,195533,0.7,11.8,7673.0,329818.0,198997.0,157194.0,127458.0,194291.0,196052.0,168239.0,234508.0,263113.0,192978.0
2022-09-01,Yorkshire and The Humber,E12000003,196752,0.6,7.0,7744.0,331530.0,200338.0,158173.0,128406.0,195217.0,197392.0,169457.0,235779.0,262596.0,194246.0
2022-10-01,Yorkshire and The Humber,E12000003,197361,0.3,13.6,7402.0,333917.0,201167.0,157897.0,128971.0,196150.0,197866.0,169896.0,236605.0,263982.0,194830.0
2022-11-01,Yorkshire and The Humber,E12000003,198212,0.4,10.7,7852.0,335451.0,201851.0,158745.0,129383.0,196801.0,198800.0,170604.0,237651.0,270749.0,195501.0
2022-12-01,Yorkshire and The Humber,E12000003,197647,-0.3,9.4,7192.0,333079.0,201434.0,158586.0,129407.0,196239.0,198234.0,170460.0,236591.0,264885.0,195096.0
2023-01-01,Yorkshire and The Humber,E12000003,191628,-3.0,5.2,5112.0,325961.0,195803.0,152481.0,124373.0,190344.0,192163.0,164606.0,230132.0,270039.0,188766.0
2023-02-01,Yorkshire and The Humber,E12000003,191681,0.0,4.3,5012.0,327595.0,195243.0,152274.0,125306.0,190496.0,192176.0,164620.0,230250.0,272849.0,188735.0
2023-03-01,Yorkshire and The Humber,E12000003,187293,-2.3,2.3,5879.0,319634.0,191576.0,148196.0,122692.0,185873.0,187885.0,160921.0,224859.0,270841.0,184286.0
2023-04-01,Yorkshire and The Humber,E12000003,190374,1.6,2.9,4355.0,326347.0,194393.0,150744.0,123939.0,189474.0,190749.0,163252.0,229094.0,274854.0,187332.0
2023-05-01,Yorkshire and The Humber,E12000003,189275,-0.6,0.0,4536.0,320549.0,193106.0,150688.0,124522.0,187917.0,189841.0,162731.0,227061.0,269909.0,186351.0
2023-06-01,Yorkshire and The Humber,E12000003,193446,2.2,1.3,6118.0,328186.0,196898.0,154673.0,125893.0,192370.0,193895.0,166194.0,232272.0,268371.0,190688.0
2023-07-01,Yorkshire and The Humber,E12000003,195102,0.9,0.4,5472.0,329669.0,199694.0,155545.0,126807.0,193216.0,195890.0,167633.0,234231.0,278607.0,192076.0
2023-08-01,Yorkshire and The Humber,E12000003,197800,1.4,1.2,6032.0,335199.0,201460.0,158317.0,128250.0,196418.0,198376.0,169949.0,237474.0,277958.0,194870.0
2023-09-01,Yorkshire and The Humber,E12000003,194270,-1.8,-1.3,5808.0,328358.0,198283.0,155517.0,125627.0,192524.0,194999.0,167208.0,232746.0,270568.0,191467.0
2023-10-01,Yorkshire and The Humber,E12000003,195381,0.6,-1.0,5717.0,329189.0,199517.0,156306.0,127306.0,193683.0,196090.0,168237.0,233956.0,279139.0,192347.0
2023-11-01,Yorkshire and The Humber,E12000003,193998,-0.7,-2.1,5652.0,328900.0,198067.0,154757.0,126058.0,192587.0,194587.0,166784.0,232739.0,278765.0,190937.0
2023-12-01,Yorkshire and The Humber,E12000003,192662,-0.7,-2.5,5446.0,324392.0,196692.0,154215.0,125584.0,190984.0,193362.0,166039.0,230459.0,269965.0,189831.0
2024-01-01,Yorkshire and The Humber,E12000003,191618,-0.5,0.0,4272.0,324493.0,195659.0,152791.0,124981.0,189964.0,192309.0,164704.0,229942.0,276341.0,188565.0
2024-02-01,Yorkshire and The Humber,E12000003,191087,-0.3,-0.3,4734.0,320877.0,195458.0,153117.0,124087.0,189394.0,191798.0,164701.0,228586.0,275652.0,188040.0
2024-03-01,Yorkshire and The Humber,E12000003,192827,0.9,3.0,5534.0,325086.0,196850.0,153837.0,127022.0,191169.0,193519.0,165979.0,231018.0,278582.0,189737.0
2024-04-01,Yorkshire and The Humber,E12000003,191916,-0.5,0.8,4804.0,321276.0,196011.0,153991.0,125703.0,190204.0,192635.0,165468.0,229495.0,272123.0,189021.0
2024-05-01,Yorkshire and The Humber,E12000003,193994,1.1,2.5,6113.0,324797.0,198469.0,155386.0,126981.0,192269.0,194719.0,167369.0,231808.0,276906.0,191003.0
2024-06-01,Yorkshire and The Humber,E12000003,197974,2.1,2.3,6120.0,329564.0,201609.0,160026.0,129460.0,196117.0,198761.0,171100.0,236096.0,273306.0,195253.0
2024-07-01,Yorkshire and The Humber,E12000003,197976,0.0,1.5,6613.0,329511.0,202320.0,159929.0,127985.0,195634.0,199002.0,170913.0,236395.0,279901.0,195018.0
2024-08-01,Yorkshire and The Humber,E12000003,201974,2.0,2.1,6997.0,336713.0,205944.0,163390.0,130544.0,199749.0,202939.0,174378.0,241147.0,281718.0,199093.0
2024-09-01,Yorkshire and The Humber,E12000003,198849,-1.5,2.4,6214.0,333579.0,203308.0,159913.0,127955.0,196678.0,199790.0,171521.0,237668.0,278191.0,195983.0
2024-10-01,Yorkshire and The Humber,E12000003,199913,0.5,2.3,7428.0,335766.0,203934.0,160787.0,129383.0,197964.0,200744.0,172486.0,238864.0,283799.0,196886.0
2024-11-01,Yorkshire and The Humber,E12000003,201710,0.9,4.0,7213.0,337645.0,206817.0,162155.0,129180.0,199724.0,202557.0,174184.0,240778.0,284242.0,198729.0
2024-12-01,Yorkshire and The Humber,E12000003,201791,0.0,4.7,7014.0,340234.0,205932.0,162449.0,128703.0,199571.0,202754.0,174177.0,240997.0,286976.0,198717.0
2025-01-01,Yorkshire and The Humber,E12000003,200501,-0.6,4.6,5296.0,337760.0,205419.0,161164.0,126862.0,198090.0,201558.0,172987.0,239574.0,293952.0,197141.0
2025-02-01,Yorkshire and The Humber,E12000003,201403,0.4,5.4,6238.0,336747.0,206171.0,162634.0,128334.0,198716.0,202583.0,174148.0,239984.0,292498.0,198180.0
2025-03-01,Yorkshire and The Humber,E12000003,208152,3.4,7.9,10533.0,342189.0,212847.0,169292.0,135814.0,205572.0,209284.0,180884.0,246466.0,299461.0,204979.0
2025-04-01,Yorkshire and The Humber,E12000003,194026,-6.8,1.1,3445.0,330937.0,199678.0,154162.0,121460.0,191284.0,195231.0,166728.0,233023.0,291306.0,190405.0
2025-05-01,Yorkshire and The Humber,E12000003,199910,3.0,3.0,5368.0,336071.0,204985.0,160860.0,126270.0,196716.0,201316.0,172333.0,239122.0,292996.0,196565.0
2025-06-01,Yorkshire and The Humber,E12000003,200674,0.4,1.4,6378.0,337249.0,206045.0,161224.0,126836.0,198154.0,201780.0,172998.0,240025.0,289558.0,197567.0
2025-07-01,Yorkshire and The Humber,E12000003,202994,1.2,2.5,6696.0,339481.0,208284.0,163709.0,128621.0,199886.0,204362.0,175212.0,242426.0,297042.0,199624.0
2025-08-01,Yorkshire and The Humber,E12000003,205459,1.2,1.7,6767.0,343151.0,211247.0,165915.0,128955.0,202245.0,206874.0,177359.0,245335.0,297391.0,202227.0
2025-09-01,Yorkshire and The Humber,E12000003,205197,-0.1,3.2,6058.0,344811.0,210636.0,165601.0,127887.0,202594.0,206340.0,176875.0,245474.0,295817.0,202035.0
2025-10-01,Yorkshire and The Humber,E12000003,206596,0.7,3.3,6550.0,346222.0,212909.0,166541.0,128094.0,203225.0,208081.0,178397.0,246594.0,308016.0,202856.0
2025-11-01,Yorkshire and The Humber,E12000003,208932,1.1,3.6,5768.0,349861.0,214879.0,168897.0,129642.0,205761.0,210328.0,180340.0,249513.0,306931.0,205398.0
2025-12-01,Yorkshire and The Humber,E12000003,207328,-0.8,2.7,5502.0,346863.0,213370.0,167487.0,128893.0,204049.0,208771.0,179199.0,247171.0,300259.0,204057.0
2026-01-01,Yorkshire and The Humber,E12000003,207010,-0.2,3.2,3944.0,345067.0,213239.0,167826.0,127870.0,203766.0,208439.0,178906.0,246825.0,302430.0,203600.0
2026-02-01,Yorkshire and The Humber,E12000003,209318,1.1,3.9,4219.0,349545.0,215847.0,169281.0,129152.0,205823.0,210852.0,181178.0,249325.0,308278.0,205761.0
2026-03-01,Yorkshire and The Humber,E12000003,207591,-0.8,-0.3,4330.0,346541.0,214682.0,167850.0,126653.0,203609.0,209328.0,179938.0,247039.0,314495.0,203687.0
2026-04-01,Yorkshire and The Humber,E12000003,208237,0.3,7.3,,347108.0,215257.0,168163.0,128460.0,204780.0,209754.0,180216.0,248062.0,,
2026-05-01,Yorkshire and The Humber,E12000003,208549,0.2,4.3,,348889.0,215659.0,168267.0,127468.0,205101.0,210063.0,180330.0,248575.0,,
